"common_name","scientific_name","botw_seasonal_codes","migratory_status"
"Australian Magpie","Gymnorhina tibicen","1","resident"
"Rainbow Lorikeet","Trichoglossus moluccanus","1","resident"
"Magpie-lark","Grallina cyanoleuca","1","resident"
"Noisy Miner","Manorina melanocephala","1","resident"
"Welcome Swallow","Hirundo neoxena","1;3","migrant"
"Australian Raven","Corvus coronoides","1","resident"
"Superb Fairywren","Malurus cyaneus","1","resident"
"Willie-wagtail","Rhipidura leucophrys","1","resident"
"Laughing Kookaburra","Dacelo novaeguineae","1","resident"
"Pied Currawong","Strepera graculina","1","resident"
"Sulphur-crested Cockatoo","Cacatua galerita","1","resident"
"Gray Fantail","Rhipidura albiscapa","1;3","migrant"
"Masked Lapwing","Vanellus miles","1;3","migrant"
"Pacific Black Duck","Anas superciliosa","1","resident"
"Galah","Eolophus roseicapilla","1","resident"
"Gray Butcherbird","Cracticus torquatus","1","resident"
"Crested Pigeon","Ocyphaps lophotes","1","resident"
"Australian Ibis","Threskiornis molucca",NA,"unknown"
"Red Wattlebird","Anthochaera carunculata","1","resident"
"Lewin's Honeyeater","Meliphaga lewinii","1","resident"
"Maned Duck","Chenonetta jubata","1","resident"
"Common Myna","Acridotheres tristis","1","resident"
"White-faced Heron","Egretta novaehollandiae","1;3","migrant"
"Eastern Yellow Robin","Eopsaltria australis","1","resident"
"Little Pied Cormorant","Microcarbo melanoleucos","1;3","migrant"
"Eastern Whipbird","Psophodes olivaceus","1","resident"
"Crimson Rosella","Platycercus elegans","1","resident"
"Silver Gull","Chroicocephalus novaehollandiae",NA,"unknown"
"Black-faced Cuckooshrike","Coracina novaehollandiae","1;2;3;4","migrant"
"Yellow-faced Honeyeater","Caligavis chrysops","1","resident"
"Brown Thornbill","Acanthiza pusilla","1","resident"
"Little Wattlebird","Anthochaera chrysoptera","1","resident"
"Silvereye","Zosterops lateralis","1","resident"
"Eastern Rosella","Platycercus eximius","1","resident"
"Eastern Spinebill","Acanthorhynchus tenuirostris","1","resident"
"Dusky Moorhen","Gallinula tenebrosa","1","resident"
"Gray Shrikethrush","Colluricincla harmonica","1","resident"
"White-browed Scrubwren","Sericornis frontalis","1","resident"
"Little Black Cormorant","Phalacrocorax sulcirostris","1;3","migrant"
"Red-browed Firetail","Neochmia temporalis","1","resident"
"Eurasian Coot","Fulica atra","1;2;3","migrant"
"Golden Whistler","Pachycephala pectoralis","1","resident"
"Australian Pelican","Pelecanus conspicillatus","1;3","migrant"
"Australasian Swamphen","Porphyrio melanotus",NA,"unknown"
"White-throated Treecreeper","Cormobates leucophaea","1","resident"
"Spotted Dove","Spilopelia chinensis","1","resident"
"Spotted Pardalote","Pardalotus punctatus","1","resident"
"European Starling","Sturnus vulgaris","1;2;3","migrant"
"Little Corella","Cacatua sanguinea","1","resident"
"Australian King-Parrot","Alisterus scapularis","1","resident"
"Satin Bowerbird","Ptilonorhynchus violaceus","1","resident"
"Gray Teal","Anas gracilis","1","resident"
"Rufous Whistler","Pachycephala rufiventris","1","resident"
"Noisy Friarbird","Philemon corniculatus","1","resident"
"Chestnut Teal","Anas castanea","1","resident"
"Yellow Thornbill","Acanthiza nana","1","resident"
"Black Swan","Cygnus atratus","1","resident"
"Great Cormorant","Phalacrocorax carbo","1;2;3;4","migrant"
"Rock Pigeon","Columba livia","1","resident"
"Australasian Grebe","Tachybaptus novaehollandiae","1;3","migrant"
"Pied Butcherbird","Cracticus nigrogularis","1","resident"
"Australasian Figbird","Sphecotheres vieilloti","1","resident"
"Great Egret","Ardea alba","1;2;3;4;5","migrant"
"White-plumed Honeyeater","Ptilotula penicillata","1","resident"
"New Holland Honeyeater","Phylidonyris novaehollandiae","1","resident"
"Olive-backed Oriole","Oriolus sagittatus","1","resident"
"Sacred Kingfisher","Todiramphus sanctus","1;2;3","migrant"
"Yellow-tailed Black-Cockatoo","Zanda funerea","1","resident"
"Red-rumped Parrot","Psephotus haematonotus","1","resident"
"Australasian Darter","Anhinga novaehollandiae","1","resident"
"Pacific Koel","Eudynamys orientalis","1;2","migrant"
"Great Crested Tern","Thalasseus bergii","1;4","migrant"
"Striated Pardalote","Pardalotus striatus","1;3","migrant"
"Torresian Crow","Corvus orru","1","resident"
"Brown Gerygone","Gerygone mouki","1","resident"
"Bar-shouldered Dove","Geopelia humeralis","1","resident"
"Pied Cormorant","Phalacrocorax varius","1","resident"
"Eurasian Blackbird","Turdus merula","1;2;3","migrant"
"House Sparrow","Passer domesticus","1;3","migrant"
"Striated Thornbill","Acanthiza lineata","1","resident"
"Hardhead","Aythya australis","1","resident"
"Royal Spoonbill","Platalea regia","1;3","migrant"
"Australian Reed Warbler","Acrocephalus australis","1","resident"
"Fan-tailed Cuckoo","Cacomantis flabelliformis","1","resident"
"Variegated Fairywren","Malurus lamberti","1","resident"
"Yellow-rumped Thornbill","Acanthiza chrysorrhoa","1","resident"
"White-bellied Sea-Eagle","Icthyophaga leucogaster",NA,"unknown"
"Straw-necked Ibis","Threskiornis spinicollis","1;3;4","migrant"
"Red-whiskered Bulbul","Pycnonotus jocosus","1","resident"
"Scarlet Myzomela","Myzomela sanguinolenta","1","resident"
"Nankeen Kestrel","Falco cenchroides","1;3","migrant"
"Whistling Kite","Haliastur sphenurus","1;3","migrant"
"Blue-faced Honeyeater","Entomyzon cyanotis","1","resident"
"Mistletoebird","Dicaeum hirundinaceum","1","resident"
"Australian Brushturkey","Alectura lathami","1","resident"
"Dollarbird","Eurystomus orientalis","1;2","migrant"
"Eastern Cattle-Egret","Ardea coromanda",NA,"unknown"
"Pied Stilt","Himantopus leucocephalus",NA,"unknown"
"Bell Miner","Manorina melanophrys","1","resident"
"Brown Cuckoo-Dove","Macropygia phasianella","1","resident"
"Musk Lorikeet","Trichoglossus concinnus",NA,"unknown"
"Pied Oystercatcher","Haematopus longirostris","1;3","migrant"
"Wonga Pigeon","Leucosarcia melanoleuca","1","resident"
"Brown Honeyeater","Lichmera indistincta","1","resident"
"White-cheeked Honeyeater","Phylidonyris niger","1","resident"
"Little Raven","Corvus mellori","1","resident"
"Golden-headed Cisticola","Cisticola exilis","1","resident"
"White-winged Chough","Corcorax melanorhamphos","1","resident"
"Black-shouldered Kite","Elanus axillaris","1","resident"
"Tree Martin","Petrochelidon nigricans","1;2;3","migrant"
"Scaly-breasted Lorikeet","Trichoglossus chlorolepidotus","1","resident"
"Channel-billed Cuckoo","Scythrops novaehollandiae","1;2;3","migrant"
"Black-fronted Dotterel","Thinornis melanops",NA,"unknown"
"Superb Lyrebird","Menura novaehollandiae","1","resident"
"Fairy Martin","Petrochelidon ariel","1;3","migrant"
"Peaceful Dove","Geopelia placida","1","resident"
"White-headed Pigeon","Columba leucomela","1","resident"
"Pacific Heron","Ardea pacifica","1;3","migrant"
"Little Egret","Egretta garzetta","1;2;3","migrant"
"Spiny-cheeked Honeyeater","Acanthagenys rufogularis","1","resident"
"White-breasted Woodswallow","Artamus leucorynchus",NA,"unknown"
"White-eared Honeyeater","Nesoptilotis leucotis","1","resident"
"White-naped Honeyeater","Melithreptus lunatus","1","resident"
"White-throated Gerygone","Gerygone olivacea","1","resident"
"Australian Rufous Fantail","Rhipidura rufifrons","1;3","migrant"
"Weebill","Smicrornis brevirostris","1","resident"
"Common Bronzewing","Phaps chalcoptera","1","resident"
"Rainbow Bee-eater","Merops ornatus","1;2;3","migrant"
"Osprey","Pandion haliaetus","1;2;3;4","migrant"
"Black-faced Monarch","Monarcha melanopsis","1;2;3","migrant"
"Australian Pipit","Anthus australis",NA,"unknown"
"Wedge-tailed Eagle","Aquila audax","1","resident"
"Dusky Woodswallow","Artamus cyanopterus","1","resident"
"Sooty Oystercatcher","Haematopus fuliginosus","1","resident"
"Bar-tailed Godwit","Limosa lapponica","2;3;4","migrant"
"Jacky-winter","Microeca fascinans","1","resident"
"Shining Bronze-Cuckoo","Chalcites lucidus","1;2;3;4","migrant"
"Brown Goshawk","Tachyspiza fasciata",NA,"unknown"
"Swamp Harrier","Circus approximans","1;3","migrant"
"Green Catbird","Ailuroedus crassirostris","1","resident"
"Tawny Frogmouth","Podargus strigoides","1","resident"
"Caspian Tern","Hydroprogne caspia","1;2;3;4","migrant"
"Double-barred Finch","Stizoptera bichenovii",NA,"unknown"
"Striped Honeyeater","Plectorhyncha lanceolata","1","resident"
"Leaden Flycatcher","Myiagra rubecula","1;2","migrant"
"Little Grassbird","Poodytes gramineus","1","resident"
"Long-billed Corella","Cacatua tenuirostris","1","resident"
"Australasian Gannet","Morus serrator","2;3","migrant"
"Hoary-headed Grebe","Poliocephalus poliocephalus","1;3","migrant"
"Large-billed Scrubwren","Sericornis magnirostra","1","resident"
"Restless Flycatcher","Myiagra inquieta","1;3","migrant"
"Spangled Drongo","Dicrurus bracteatus","1","resident"
"Brown Treecreeper","Climacteris picumnus","1","resident"
"Far Eastern Curlew","Numenius madagascariensis","2;3;4","migrant"
"Apostlebird","Struthidea cinerea","1","resident"
"Topknot Pigeon","Lopholaimus antarcticus","1","resident"
"Plumed Egret","Ardea plumifera","1;3","migrant"
"Little Friarbird","Philemon citreogularis","1","resident"
"Australasian Shoveler","Spatula rhynchotis","1","resident"
"Tawny Grassbird","Cincloramphus timoriensis","1","resident"
"Buff-rumped Thornbill","Acanthiza reguloides","1","resident"
"Rufous Songlark","Cincloramphus mathewsi","1;3","migrant"
"Brown Quail","Synoicus ypsilophorus","1","resident"
"Brown-headed Honeyeater","Melithreptus brevirostris","1","resident"
"Pink-eared Duck","Malacorhynchus membranaceus","1;5","resident"
"Yellow-throated Scrubwren","Neosericornis citreogularis","1","resident"
"Azure Kingfisher","Ceyx azureus","1","resident"
"Little Heron","Butorides atricapilla",NA,"unknown"
"Yellow-throated Miner","Manorina flavigula","1","resident"
"European Goldfinch","Carduelis carduelis","1;2;3","migrant"
"Black Kite","Milvus migrans","1;2;3;4","migrant"
"Rose Robin","Petroica rosea","2;3","migrant"
"Eastern Shrike-tit","Falcunculus frontatus","1","resident"
"Sahul Cicadabird","Edolisoma tenuirostre","1;2","migrant"
"Buff-banded Rail","Gallirallus philippensis",NA,"unknown"
"Yellow-billed Spoonbill","Platalea flavipes","1;3","migrant"
"Mallard","Anas platyrhynchos","1;2;3;4;5","migrant"
"Singing Honeyeater","Gavicalis virescens","1","resident"
"Little Lorikeet","Psitteuteles pusillus",NA,"unknown"
"Brown Falcon","Falco berigora","1","resident"
"Zebra Finch","Taeniopygia guttata","1","resident"
"Red-capped Plover","Anarhynchus ruficapillus",NA,"unknown"
"Australian Ringneck","Barnardius zonarius","1","resident"
"White-winged Triller","Lalage tricolor","1;2","migrant"
"Latham's Snipe","Gallinago hardwickii","2;3;4","migrant"
"Red-necked Stint","Calidris ruficollis","2;3;4","migrant"
"White-throated Needletail","Hirundapus caudacutus","1;2;3;4","migrant"
"Sharp-tailed Sandpiper","Calidris acuminata","2;3;4","migrant"
"Brahminy Kite","Haliastur indus","1","resident"
"Varied Sittella","Daphoenositta chrysoptera","1","resident"
"Little Tern","Sternula albifrons","1;2;3;4","migrant"
"Australian Hobby","Falco longipennis","1;3","migrant"
"Fuscous Honeyeater","Ptilotula fusca","1","resident"
"Red-capped Robin","Petroica goodenovii","1","resident"
"Musk Duck","Biziura lobata","1;5","resident"
"Gray-crowned Babbler","Pomatostomus temporalis","1","resident"
"Pacific Golden-Plover","Pluvialis fulva","2;3;4","migrant"
"Pheasant Coucal","Centropus phasianinus","1","resident"
"Sahul Brush Cuckoo","Cacomantis variolosus","1;3","migrant"
"Horsfield's Bronze-Cuckoo","Chalcites basalis","1;3","migrant"
"Yellow-tufted Honeyeater","Lichenostomus melanops","1","resident"
"Nankeen Night Heron","Nycticorax caledonicus","1","resident"
"Australian Owlet-nightjar","Aegotheles cristatus","1","resident"
"Red-backed Fairywren","Malurus melanocephalus","1","resident"
"Gray Goshawk","Tachyspiza novaehollandiae","1","resident"
"Peregrine Falcon","Falco peregrinus","1;2;3;4","migrant"
"Speckled Warbler","Pyrrholaemus sagittatus","1","resident"
"Purple-backed Fairywren","Malurus assimilis","1","resident"
"Varied Triller","Lalage leucomela","1","resident"
"Australian Logrunner","Orthonyx temminckii","1","resident"
"Gang-gang Cockatoo","Callocephalon fimbriatum","1","resident"
"Red-kneed Dotterel","Erythrogonys cinctus","1","resident"
"Great Crested Grebe","Podiceps cristatus","1;2;3;4","migrant"
"Regent Bowerbird","Sericulus chrysocephalus","1","resident"
"Eurasian Whimbrel","Numenius phaeopus","2;3;4;5","migrant"
"Western Gerygone","Gerygone fusca","1;3","migrant"
"Cockatiel","Nymphicus hollandicus","1","resident"
"Collared Sparrowhawk","Tachyspiza cirrocephala",NA,"unknown"
"Ruddy Turnstone","Arenaria interpres","2;3;4","migrant"
"Bassian Thrush","Zoothera lunulata","1","resident"
"Scarlet Robin","Petroica boodang","1;2;3","migrant"
"Australian Boobook","Ninox boobook","1","resident"
"Emu","Dromaius novaehollandiae","1;3","migrant"
"White-bellied Cuckooshrike","Coracina papuensis","1","resident"
"Forest Raven","Corvus tasmanicus","1","resident"
"White-browed Woodswallow","Artamus superciliosus","1","resident"
"Australian Shelduck","Tadorna tadornoides","1","resident"
"White-winged Fairywren","Malurus leucopterus","1","resident"
"Chestnut-rumped Thornbill","Acanthiza uropygialis","1","resident"
"Common Tern","Sterna hirundo","1;2;3;4","migrant"
"White-browed Babbler","Pomatostomus superciliosus","1","resident"
"Magpie Goose","Anseranas semipalmata","1;3","migrant"
"Southern Emuwren","Stipiturus malachurus","1","resident"
"Red-necked Avocet","Recurvirostra novaehollandiae","1;5","resident"
"Diamond Firetail","Stagonopleura guttata","1","resident"
"Greater Bluebonnet","Northiella haematogaster","1","resident"
"Noisy Pitta","Pitta versicolor","1;2;3","migrant"
"Powerful Owl","Ninox strenua","1","resident"
"Australian Tern","Gelochelidon macrotarsa","1;3","migrant"
"Superb Parrot","Polytelis swainsonii","1;3","migrant"
"Australian Spectacled Monarch","Symposiachrus trivirgatus","1;2;3","migrant"
"Wompoo Fruit-Dove","Megaloprepia magnifica","1","resident"
"Pacific Emerald Dove","Chalcophaps longirostris","1","resident"
"Inland Thornbill","Acanthiza apicalis","1","resident"
"Blue-billed Duck","Oxyura australis","1;3","migrant"
"Glossy Black-Cockatoo","Calyptorhynchus lathami","1","resident"
"Mangrove Gerygone","Gerygone levigaster","1","resident"
"Gray-tailed Tattler","Tringa brevipes","2;3;4","migrant"
"Southern Whiteface","Aphelocephala leucopsis","1","resident"
"Chestnut-breasted Munia","Lonchura castaneothorax","1","resident"
"Wedge-tailed Shearwater","Ardenna pacifica","1;2","migrant"
"Little Shrikethrush","Colluricincla megarhyncha","1","resident"
"Red-browed Treecreeper","Climacteris erythrops","1","resident"
"Brown Songlark","Cincloramphus cruralis","1;2;3","migrant"
"Little Eagle","Hieraaetus morphnoides","1","resident"
"Pallid Cuckoo","Heteroscenes pallidus","1;2;3","migrant"
"Pacific Reef-Heron","Egretta sacra","1","resident"
"Rose-crowned Fruit-Dove","Ptilinopus regina","1","resident"
"Glossy Ibis","Plegadis falcinellus","1;2;3;4;5","migrant"
"White-fronted Chat","Epthianura albifrons","1","resident"
"Square-tailed Kite","Lophoictinia isura","1;3","migrant"
"Double-banded Plover","Anarhynchus bicinctus",NA,"unknown"
"Masked Woodswallow","Artamus personatus","1;2","migrant"
"Crested Bellbird","Oreoica gutturalis","1","resident"
"Kelp Gull","Larus dominicanus","1;3","migrant"
"Spotless Crake","Zapornia tabuensis","1","resident"
"Plumed Whistling-Duck","Dendrocygna eytoni","1","resident"
"Rockwarbler","Origma solitaria","1","resident"
"Red-winged Parrot","Aprosmictus erythropterus","1","resident"
"Budgerigar","Melopsittacus undulatus","1","resident"
"Pacific Baza","Aviceda subcristata","1","resident"
"Curlew Sandpiper","Calidris ferruginea","2;3;4","migrant"
"Flame Robin","Petroica phoenicea","1;3","migrant"
"Stubble Quail","Coturnix pectoralis","1;3","migrant"
"Hooded Robin","Melanodryas cucullata","1","resident"
"Australian Crake","Porzana fluminea","1","resident"
"Pale-yellow Robin","Eopsaltria capito","1","resident"
"Splendid Fairywren","Malurus splendens","1","resident"
"Whiskered Tern","Chlidonias hybrida","1;2;3","migrant"
"Lewin's Rail","Lewinia pectoralis","1","resident"
"Mulga Parrot","Psephotellus varius","1","resident"
"Red Knot","Calidris canutus","2;3;4","migrant"
"Wandering Whistling-Duck","Dendrocygna arcuata","1","resident"
"Baillon's Crake","Zapornia pusilla","1;2;3;4","migrant"
"Black-tailed Nativehen","Tribonyx ventralis","1","resident"
"Comb-crested Jacana","Irediparra gallinacea","1","resident"
"Muscovy Duck","Cairina moschata","1","resident"
"Eastern Bristlebird","Dasyornis brachypterus","1","resident"
"Freckled Duck","Stictonetta naevosa","1","resident"
"Eurasian Skylark","Alauda arvensis","1;2;3;4","migrant"
"Beautiful Firetail","Stagonopleura bella","1","resident"
"Spotted Bowerbird","Chlamydera maculata","1","resident"
"Black-faced Woodswallow","Artamus cinereus","1","resident"
"Pilotbird","Pycnoptilus floccosus","1","resident"
"Tawny-crowned Honeyeater","Gliciphila melanops","1","resident"
"Turquoise Parrot","Neophema pulchella","1","resident"
"Little Crow","Corvus bennetti","1","resident"
"Black-browed Albatross","Thalassarche melanophris","1;2","migrant"
"Forest Kingfisher","Todiramphus macleayii","1;2;3","migrant"
"Russet-tailed Thrush","Zoothera heinei","1","resident"
"Black-necked Stork","Ephippiorhynchus asiaticus","1","resident"
"Chestnut-rumped Heathwren","Hylacola pyrrhopygia","1","resident"
"Sanderling","Calidris alba","2;3;4","migrant"
"White-fronted Honeyeater","Purnella albifrons","1;3","migrant"
"Short-tailed Shearwater","Ardenna tenuirostris","1;2","migrant"
"Diamond Dove","Geopelia cuneata","1","resident"
"Plum-headed Finch","Emblema modestum","1","resident"
"Crimson Chat","Epthianura tricolor","1;3","migrant"
"Painted Buttonquail","Turnix varius","1","resident"
"Beach Thick-knee","Esacus magnirostris","1","resident"
"Spotted Harrier","Circus assimilis","1","resident"
"Gray Currawong","Strepera versicolor","1","resident"
"White-backed Swallow","Cheramoeca leucosterna","1","resident"
"Pink Cockatoo","Cacatua leadbeateri","1","resident"
"Paradise Riflebird","Ptiloris paradiseus",NA,"unknown"
"Graylag Goose","Anser anser","1;2;3","migrant"
"Chirruping Wedgebill","Psophodes cristatus","1","resident"
"Spotted Quail-thrush","Cinclosoma punctatum","1","resident"
"Banded Lapwing","Vanellus tricolor","1","resident"
"Crescent Honeyeater","Phylidonyris pyrrhopterus","1","resident"
"Singing Bushlark","Mirafra javanica","1;3","migrant"
"Red-backed Kingfisher","Todiramphus pyrrhopygius","1","resident"
"Wandering Tattler","Tringa incana","2;3;4","migrant"
"Eastern Barn Owl","Tyto javanica",NA,"unknown"
"Black-chinned Honeyeater","Melithreptus gularis","1","resident"
"Chestnut-crowned Babbler","Pomatostomus ruficeps","1","resident"
"White-throated Nightjar","Eurostopodus mystacalis","1;2;3","migrant"
"Black-tailed Godwit","Limosa limosa","1;2;3;4","migrant"
"Pale-headed Rosella","Platycercus adscitus","1","resident"
"Common Greenshank","Tringa nebularia","2;3;4","migrant"
"Yellow-plumed Honeyeater","Ptilotula ornata","1","resident"
"Black Honeyeater","Sugomel nigrum","1","resident"
"Swift Parrot","Lathamus discolor","1;3","migrant"
"White-fronted Tern","Sterna striata","1;3;4","migrant"
"Greater Sand-Plover","Anarhynchus leschenaultii","2;3;4","migrant"
"White-throated Honeyeater","Melithreptus albogularis","1","resident"
"Marsh Sandpiper","Tringa stagnatilis","2;3;4","migrant"
"Hooded Plover","Thinornis cucullatus","1","resident"
"Brush Bronzewing","Phaps elegans","1","resident"
"Brolga","Antigone rubicunda",NA,"unknown"
"Orange Chat","Epthianura aurifrons","1","resident"
"Fluttering Shearwater","Puffinus gavia","1;2","migrant"
"Ground Parrot","Pezoporus wallicus","1","resident"
"Satin Flycatcher","Myiagra cyanoleuca","1;3","migrant"
"Pied Honeyeater","Certhionyx variegatus","1","resident"
"Black Falcon","Falco subniger","1","resident"
"Painted Honeyeater","Grantiella picta","1;3","migrant"
"Pacific Swift","Apus pacificus","1;2;3;4","migrant"
"White-capped Albatross","Thalassarche cauta","1;2","migrant"
"Black-eared Cuckoo","Chalcites osculans","1;3","migrant"
"White-eared Monarch","Carterornis leucotis","1","resident"
"Bush Thick-knee","Burhinus grallarius","1","resident"
"Lord Howe Rail","Gallirallus sylvestris",NA,"unknown"
"Sooty Owl","Tyto tenebricosa","1","resident"
"Siberian Sand-Plover","Anarhynchus mongolus","2;3;4","migrant"
"Great Knot","Calidris tenuirostris","2;3;4","migrant"
"Wood Sandpiper","Tringa glareola","2;3;4","migrant"
"Red-tailed Black-Cockatoo","Calyptorhynchus banksii","1","resident"
"Sooty Tern","Onychoprion fuscatus","1;2;3;4","migrant"
"Rufous Scrub-bird","Atrichornis rufescens","1","resident"
"Parasitic Jaeger","Stercorarius parasiticus","2;3","migrant"
"Australian Masked-Owl","Tyto novaehollandiae","1","resident"
"Indian Peafowl","Pavo cristatus","1","resident"
"Gilbert's Whistler","Pachycephala inornata","1","resident"
"Regent Honeyeater","Anthochaera phrygia","2;3","migrant"
"Scaly-breasted Munia","Lonchura punctulata","1","resident"
"Olive Whistler","Pachycephala olivacea","1","resident"
"Redthroat","Pyrrholaemus brunneus","1","resident"
"Bourke's Parrot","Neopsephotus bourkii","1","resident"
"Chestnut Quail-thrush","Cinclosoma castanotum","1","resident"
"Australasian Bittern","Botaurus poiciloptilus","1","resident"
"Black-backed Bittern","Botaurus dubius","1;3","migrant"
"Shy Heathwren","Hylacola cauta","1","resident"
"Brown Noddy","Anous stolidus","1;3","migrant"
"Albert's Lyrebird","Menura alberti","1","resident"
"Blue-breasted Quail","Synoicus chinensis","1","resident"
"Australian Pratincole","Glareola isabella","1;2;3","migrant"
"Southern Scrub-Robin","Drymodes brunneopygia","1","resident"
"Pale-vented Bush-hen","Amaurornis moluccana","1","resident"
"Barking Owl","Ninox connivens","1","resident"
"Common Sandpiper","Actitis hypoleucos","2;3;4","migrant"
"White-browed Treecreeper","Climacteris affinis","1","resident"
"Pomarine Jaeger","Stercorarius pomarinus","2;3;4","migrant"
"Black Bittern","Botaurus flavicollis","1;2;3","migrant"
"Black-bellied Plover","Pluvialis squatarola","2;3;4","migrant"
"Australian Painted-Snipe","Rostratula australis","1","resident"
"White-winged Tern","Chlidonias leucopterus","2;3;4","migrant"
"Gray-fronted Honeyeater","Ptilotula plumula","1","resident"
"Terek Sandpiper","Xenus cinereus","2;3;4","migrant"
"Little Buttonquail","Turnix velox","1","resident"
"Pectoral Sandpiper","Calidris melanotos","2;3;4","migrant"
"Torresian Kingfisher","Todiramphus sordidus",NA,"unknown"
"Helmeted Guineafowl","Numida meleagris","1","resident"
"Blue-billed White-Tern","Gygis candida","1;2;3","migrant"
"Pacific Gull","Larus pacificus","1","resident"
"Australian Fairy Tern","Sternula nereis","1;2;3","migrant"
"Black Noddy","Anous minutus","1;2;3","migrant"
"Aleutian Tern","Onychoprion aleuticus","2;3","migrant"
"Flesh-footed Shearwater","Ardenna carneipes","1;2","migrant"
"Little Bronze-Cuckoo","Chalcites minutillus","1;2","migrant"
"Red-tailed Tropicbird","Phaethon rubricauda","2;3","migrant"
"Red Junglefowl","Gallus gallus","1;2;3","migrant"
"Masked Booby","Sula dactylatra","1;2;4","migrant"
"Barred Cuckooshrike","Coracina lineata","1","resident"
"Ground Cuckooshrike","Coracina maxima","1","resident"
"Mangrove Honeyeater","Gavicalis fasciogularis","1","resident"
"Sooty Shearwater","Ardenna grisea","1;2;3","migrant"
"Black-winged Petrel","Pterodroma nigripennis","1;2","migrant"
"Indian Yellow-nosed Albatross","Thalassarche carteri","1;2","migrant"
"Regent Parrot","Polytelis anthopeplus","1","resident"
"Spotted Nightjar","Eurostopodus argus","1;3","migrant"
"Chestnut-breasted Quail-thrush","Cinclosoma castaneothorax","1","resident"
"Hudsonian Godwit","Limosa haemastica","2;3;4","migrant"
"Superb Fruit-Dove","Ptilinopus superbus","1","resident"
"Little Penguin","Eudyptula minor","1;2;3","migrant"
"Hutton's Shearwater","Puffinus huttoni","1;2;4","migrant"
"Little Woodswallow","Artamus minor","1","resident"
"Red-browed Pardalote","Pardalotus rubricatus","1","resident"
"Cinnamon Quail-thrush","Cinclosoma cinnamomeum","1","resident"
"Australasian Grass-Owl","Tyto longimembris","1","resident"
"Brown Skua","Stercorarius antarcticus",NA,"unknown"
"Black-breasted Kite","Hamirostra melanosternon","1","resident"
"Black-faced Cormorant","Phalacrocorax fuscescens","1","resident"
"Marbled Frogmouth","Podargus ocellatus","1","resident"
"Gray Noddy","Anous albivitta",NA,"unknown"
"European Greenfinch","Chloris chloris","1;2;3","migrant"
"Flock Bronzewing","Phaps histrionica","1","resident"
"Inland Dotterel","Peltohyas australis","1;5","resident"
"Radjah Shelduck","Radjah radjah","1","resident"
"Gray-faced Petrel","Pterodroma gouldi","1;2","migrant"
"Rose-ringed Parakeet","Psittacula krameri",NA,"unknown"
"South Island Oystercatcher","Haematopus finschi","2;3","migrant"
"Common Ostrich","Struthio camelus","1","resident"
"Striated Fieldwren","Calamanthus fuliginosus","1","resident"
"Eastern Yellow Wagtail","Motacilla tschutschensis","2;3;4","migrant"
"Rufous Fieldwren","Calamanthus campestris","1","resident"
"Little Curlew","Numenius minutus","2;3;4","migrant"
"Banded Stilt","Cladorhynchus leucocephalus","1;5","resident"
"Blue-winged Parrot","Neophema chrysostoma","1;3","migrant"
"Buff-breasted Sandpiper","Calidris subruficollis","2;3;4","migrant"
"Fairy Prion","Pachyptila turtur","1;2","migrant"
"Asian Dowitcher","Limnodromus semipalmatus","2;3;4","migrant"
"Ruff","Calidris pugnax","2;3","migrant"
"Gull-billed Tern","Gelochelidon nilotica","1;2;3;4","migrant"
"Australian Bustard","Ardeotis australis","1","resident"
"Dusky Myzomela","Myzomela obscura","1","resident"
"Red-lored Whistler","Pachycephala rufogularis","1","resident"
"Red-backed Buttonquail","Turnix maculosus","1","resident"
"Streaked Shearwater","Calonectris leucomelas","1;2","migrant"
"Hall's Babbler","Pomatostomus halli","1","resident"
"Song Thrush","Turdus philomelos","1;2;3","migrant"
"Kentish Plover","Anarhynchus alexandrinus",NA,"unknown"
"Red-chested Buttonquail","Turnix pyrrhothorax","1","resident"
"Broad-billed Sandpiper","Calidris falcinellus","2;3;4","migrant"
"Northern Giant-Petrel","Macronectes halli","1","resident"
"Paradise Shelduck","Tadorna variegata","1","resident"
"Oriental Cuckoo","Cuculus optatus","2;3;4","migrant"
"Providence Petrel","Pterodroma solandri","2;3","migrant"
"Striated Grasswren","Amytornis striatus","1","resident"
"Shining Flycatcher","Myiagra alecto","1","resident"
"Gibberbird","Ashbyia lovensis","1;3","migrant"
"Long-tailed Jaeger","Stercorarius longicaudus","2;3","migrant"
"Alexandrine Parakeet","Psittacula eupatria",NA,"unknown"
"Eurasian Tree Sparrow","Passer montanus","1;2;3","migrant"
"Cotton Pygmy-Goose","Nettapus coromandelianus","1;2","migrant"
"Buller's Albatross","Thalassarche bulleri","1;2","migrant"
"White-rumped Sandpiper","Calidris fuscicollis","2;3;4","migrant"
"Purple-crowned Lorikeet","Psitteuteles porphyrocephalus","1","resident"
"Brown Booby","Sula leucogaster","1;2;3","migrant"
"Lesser Frigatebird","Fregata ariel","1;2","migrant"
"Southern Giant-Petrel","Macronectes giganteus","1;2","migrant"
"Slaty-backed Thornbill","Acanthiza robustirostris","1","resident"
"Pink Robin","Petroica rodinogaster","1;2;3","migrant"
"Malleefowl","Leipoa ocellata","1","resident"
"Buller's Shearwater","Ardenna bulleri","1;2","migrant"
"Banded Whiteface","Aphelocephala nigricincta","1","resident"
"Gray-headed Lapwing","Vanellus cinereus","1;2;3;4","migrant"
"Long-toed Stint","Calidris subminuta","2;3;4","migrant"
"Eyrean Grasswren","Amytornis goyderi","1","resident"
"Little Shearwater","Puffinus assimilis","1;2","migrant"
"Semipalmated Plover","Charadrius semipalmatus","2;3;4","migrant"
"Citrine Wagtail","Motacilla citreola","1;2;3;4","migrant"
"Gray Falcon","Falco hypoleucos","1","resident"
"Gray Grasswren","Amytornis barbatus","1","resident"
"Barn Swallow","Hirundo rustica","1;2;3;4","migrant"
"Little Stint","Calidris minuta","2;3;4","migrant"
"Oriental Plover","Anarhynchus veredus",NA,"unknown"
"Red-necked Phalarope","Phalaropus lobatus","2;3;4","migrant"
"Letter-winged Kite","Elanus scriptus","1;3","migrant"
"White-necked Petrel","Pterodroma cervicalis","1;2","migrant"
"Oriental Pratincole","Glareola maldivarum","1;2;3;4","migrant"
"Torresian Imperial-Pigeon","Ducula spilorrhoa","1","resident"
"Wilson's Storm-Petrel","Oceanites oceanicus","2;3;4","migrant"
"Gould's Petrel","Pterodroma leucoptera","1;2","migrant"
"White-chinned Petrel","Procellaria aequinoctialis","1;2","migrant"
"Squatter Pigeon","Geophaps scripta","1","resident"
"Antipodean Albatross","Diomedea antipodensis","1;2","migrant"
"Lesser Yellowlegs","Tringa flavipes","2;3;4","migrant"
"Common Diving-Petrel","Pelecanoides urinatrix","1;2","migrant"
"Papuan Eclectus","Eclectus polychloros","1","resident"
"Thick-billed Grasswren","Amytornis modestus","1","resident"
"Arctic Tern","Sterna paradisaea","2;3;4","migrant"
"Kermadec Petrel","Pterodroma neglecta","1;2","migrant"
"Great Frigatebird","Fregata minor","2;3","migrant"
"Princess Parrot","Polytelis alexandrae","1","resident"
"Rosy-faced Lovebird","Agapornis roseicollis","1","resident"
"White-faced Storm-Petrel","Pelagodroma marina","1;2","migrant"
"African Collared-Dove","Streptopelia roseogrisea","1;2","migrant"
"Blue-and-yellow Macaw","Ara ararauna","1","resident"
"Roseate Tern","Sterna dougallii","1;2;3","migrant"
"Mandarin Duck","Aix galericulata","1;2;3","migrant"
"Northern Shoveler","Spatula clypeata","1;2;3;4;5","migrant"
"White-bellied Storm-Petrel","Fregetta grallaria","1;2","migrant"
"Red-and-green Macaw","Ara chloropterus","1","resident"
"Snowy Albatross","Diomedea exulans","1;2","migrant"
"White-headed Petrel","Pterodroma lessonii","1;2","migrant"
"Canada Goose","Branta canadensis","1;2;3;4","migrant"
"Cape Barren Goose","Cereopsis novaehollandiae","1","resident"
"Common Redshank","Tringa totanus","1;2;3;4","migrant"
"Great Bowerbird","Chlamydera nuchalis","1","resident"
"Little Ringed Plover","Thinornis dubius",NA,"unknown"
"Painted Firetail","Emblema pictum","1","resident"
"Pied Heron","Egretta picata","2;3;4","migrant"
"Red-footed Booby","Sula sula","1;2;4","migrant"
"White-tailed Tropicbird","Phaethon lepturus","2;3;4","migrant"
"American Golden-Plover","Pluvialis dominica","2;3;4","migrant"
"Bulwer's Petrel","Bulweria bulwerii","1;2","migrant"
"Gouldian Finch","Chloebia gouldiae","1","resident"
"Mute Swan","Cygnus olor","1;2;3","migrant"
"Northern Pintail","Anas acuta","2;3;4","migrant"
"Pintado Petrel","Daption capense","1;2","migrant"
"Southern Fulmar","Fulmarus glacialoides","1;2","migrant"
"White Wagtail","Motacilla alba","1;2;3","migrant"
"Black-fronted Tern","Chlidonias albostriatus","1;3;4","migrant"
"Black-headed Parrot","Pionites melanocephalus","1","resident"
"Bridled Tern","Onychoprion anaethetus","2;3","migrant"
"California Quail","Callipepla californica","1","resident"
"Garganey","Spatula querquedula","2;3;4","migrant"
"Golden Pheasant","Chrysolophus pictus","1","resident"
"Gray Parrot","Psittacus erithacus","1","resident"
"Green Sandpiper","Tringa ochropus","2;3;4","migrant"
"House Crow","Corvus splendens","1","resident"
"Monk Parakeet","Myiopsitta monachus","1","resident"
"Redpoll","Acanthis flammea","1;2;3;4","migrant"
"Ruddy Shelduck","Tadorna ferruginea","1;2;3","migrant"
"Scarlet-chested Parrot","Neophema splendida","1","resident"
"Westland Petrel","Procellaria westlandica","1;2","migrant"
"Wild Turkey","Meleagris gallopavo","1","resident"
"Yellow Canary","Crithagra flaviventris","1","resident"
"Yellow Chat","Epthianura crocea","1","resident"
"Yellow-collared Lovebird","Agapornis personatus","1","resident"
