WLAB_ScientificName,WLAB_CommonName,WLAB_Taxon_ID
Lathamus discolor,Swift Parrot,u309
Cacatua leadbeateri leadbeateri,Eastern Major Mitchell's Cockatoo,u270a
Ardenna grisea,Sooty Shearwater,u70
Botaurus poiciloptilus,Australasian Bittern,u197
Pezoporus occidentalis,Night Parrot,u312
Sternula albifrons placens,Tasman Little Tern,u117a
Cyclopsitta coxeni,Coxen's Fig-Parrot,u8028
Thalassarche cauta,Shy Albatross,u91
Rostratula australis,Australian Painted-Snipe,u170
Falco hypoleucos,Grey Falcon,u236
Hirundapus caudacutus caudacutus,Eastern White-throated Needletail,u334
Numenius madagascariensis,Far Eastern Curlew,u149
Arenaria interpres interpres,Palaearctic Ruddy Turnstone,u129
Sula leucogaster plotus,Indo-Pacific Brown Booby,u102
Sula sula rubripes,Indo-Pacific Red-footed Booby,u103
Morus serrator,Australasian Gannet,u104
Anthochaera phrygia,Regent Honeyeater,u603
Sternula nereis nereis,Australian Fairy Tern,u118b
Limosa limosa melanuroides,Eastern Black-tailed Godwit,u152
Limosa lapponica baueri,Alaskan Bar-tailed Godwit,u153a
Limosa lapponica menzbieri,Yakutian Bar-tailed Godwit,u153b
Limosa lapponica anadyrensis,Anadyr Bar-tailed Godwit,u153c
Phaethon rubricauda roseotinctus,Pacific Red-tailed Tropicbird,u107a
Pedionomus torquatus,Plains-wanderer,u20
Pelecanus conspicillatus,Australian Pelican,u106
Calyptorhynchus lathami lathami,South-eastern Glossy Black-Cockatoo,u265c
Calidris ferruginea,Curlew Sandpiper,u161
Polytelis anthopeplus monarchoides,Eastern Regent Parrot,u278b
Dasyornis brachypterus monoides,Northern Eastern Bristlebird,u519b
Charadrius mongolus mongolus,Mongolian Lesser Sand Plover,u139a
Charadrius mongolus stegmanni,Kamchatkan Lesser Sand Plover,u139b
Thalasseus bergii cristatus,Australasian Crested Tern,u115
Catharacta antarctica lonnbergi,Subantarctic Brown Skua,u127
Ephippiorhynchus asiaticus australis,Torresian Black-necked Stork,u183
Stercorarius pomarinus,Pomarine Jaeger,u945
Phalacrocorax carbo novaehollandiae,Australasian Great Cormorant,u96
Aquila audax audax,Mainland Wedge-tailed Eagle,u224a
Amytornis striatus striatus,Mukarrthippi Grasswren,u513e
Leipoa ocellata,Malleefowl,u7
Ardenna tenuirostris,Short-tailed Shearwater,u71
Hydroprogne caspia,Caspian Tern,u112
Anous stolidus pileatus,Indo-Pacific Brown Noddy,u122
Platalea flavipes,Yellow-billed Spoonbill,u182
Cygnus atratus,Black Swan,u203
Falco peregrinus macropus,Australian Peregrine Falcon,u237a
Phalacrocorax varius hypoleucos,Australian Great Pied Cormorant,u99
Calidris acuminata,Sharp-tailed Sandpiper,u163
Calidris canutus piersmai,New Siberian Islands Red Knot,u164a
Calidris canutus rogersi,North-eastern Siberian Red Knot,u164b
Callocephalon fimbriatum,Gang-gang Cockatoo,u268
Onychoprion anaethetus anaethetus,Indo-Pacific Bridled Tern,u121a
Stercorarius parasiticus,Arctic Jaeger,u128
Threskiornis spinicollis,Straw-necked Ibis,u180
Platalea regia,Royal Spoonbill,u181
Haliaeetus leucogaster,White-bellied Sea-Eagle,u226
Pandion haliaetus cristatus,Eastern Osprey,u241a
Trichoglossus moluccanus moluccanus,Eastern Rainbow Lorikeet,u254a
Phalacrocorax fuscescens,Black-faced Cormorant,u98
Tringa nebularia,Common Greenshank,u158
Threskiornis moluccus moluccus,Australian White Ibis (nominate subspecies),u179
Sterna hirundo longipennis,Siberian Common Tern,u953b
Larus dominicanus antipodus,Australasian Kelp Gull,u981a
Thinornis cucullatus cucullatus,Eastern Hooded Plover,u138a
Stiltia isabella,Australian Pratincole,u173
Aythya australis,Hardhead,u215
Falco longipennis longipennis,Southern Australian Hobby,u235a
Falco longipennis murchisonianus,Inland Australian Hobby,u235b
Falco subniger,Black Falcon,u238
Trichoglossus chlorolepidotus,Scaly-breasted Lorikeet,u256
Glossopsitta concinna concinna,South-eastern Musk Lorikeet,u258a
Glossopsitta pusilla,Little Lorikeet,u260
Apus pacificus pacificus,Eastern Fork-tailed Swift,u335
Anhinga novaehollandiae novaehollandiae,Australian Darter,u101
Thalasseus bengalensis torresii,Eastern Lesser Crested Tern,u116
Sterna sumatrana sumatrana,Australasian Black-naped Tern,u119
Stictonetta naevosa,Freckled Duck,u214
Hamirostra melanosternon,Black-breasted Buzzard,u231
Geophaps scripta scripta,Southern Squatter Pigeon,u39b
Gelochelidon macrotarsa,Australian Gull-billed Tern,u8794
Pterodroma neglecta neglecta,Western Kermadec Petrel,u922
Ninox connivens connivens,Southern Barking Owl,u246b
Xenus cinereus,Terek Sandpiper,u160
Calyptorhynchus banksii banksii,Northern Red-tailed Black-Cockatoo,u264a
Calyptorhynchus banksii samueli,Inland Red-tailed Black-Cockatoo,u264e
Eurystomus orientalis pacificus,Eastern Dollarbird,u318
Amytornis modestus obscurior,Grey Range Thick-billed Grasswren,u8022c
Microcarbo melanoleucos melanoleucos,Australasian Little Pied Cormorant,u100
Plegadis falcinellus,Glossy Ibis,u178
Anseranas semipalmata,Magpie Goose,u199
Anas superciliosa,Pacific Black Duck,u208
Phalacrocorax sulcirostris,Little Black Cormorant,u97
Bubulcus ibis coromandus,Eastern Cattle Egret,u977
Pterodroma nigripennis,Black-winged Petrel,u955
Ardea pacifica,White-necked Heron,u189
Chenonetta jubata,Australian Wood Duck,u202
Tadorna tadornoides,Australian Shelduck,u207
Anas gracilis,Grey Teal,u211
Spatula rhynchotis,Australasian Shoveler,u212
Malacorhynchus membranaceus,Pink-eared Duck,u213
Circus approximans gouldi,Australasian Swamp Harrier,u219
Hieraaetus morphnoides,Little Eagle,u225
Haliastur sphenurus,Whistling Kite,u228
Falco cenchroides cenchroides,Australasian Nankeen Kestrel,u240
Ardenna pacifica pacifica,Tasman Wedge-tailed Shearwater,u69b
Pachyptila turtur,Fairy Prion,u83
Climacteris picumnus victoriae,South-eastern Brown Treecreeper,u555c
Charadrius leschenaultii leschenaultii,Eastern Greater Sand Plover,u141
Calidris tenuirostris,Great Knot,u165
Gallinago hardwickii,Latham's Snipe,u168
Grus rubicunda,Brolga,u177
Neophema chrysostoma,Blue-winged Parrot,u306
Pachycephala rufogularis,Red-lored Whistler,u402
Chlidonias hybrida javanicus,Eastern Whiskered Tern,u110
Ardea plumifera,Plumed Egret,u186
Nycticorax caledonicus australasiae,Torresian Nankeen Night-Heron,u192
Circus assimilis,Spotted Harrier,u218
Tyto tenebricosa tenebricosa,Australian Greater Sooty Owl,u253
Megaloprepia magnifica magnifica,Southern Wompoo Fruit-Dove,u25c
Lopholaimus antarcticus,Topknot Pigeon,u27
Pelecanoides urinatrix urinatrix,Australasian Common Diving-Petrel,u85b
Dendrocygna arcuata australis,Torresian Wandering Whistling-Duck,u204
Dendrocygna eytoni,Plumed Whistling-Duck,u205
Atrichornis rufescens ferrieri,Southern Rufous Scrub-bird,u355a
Atrichornis rufescens rufescens,Northern Rufous Scrub-bird,u355b
Artamus personatus,Masked Woodswallow,u544
Artamus superciliosus,White-browed Woodswallow,u545
Artamus cinereus inkermani,Central Queensland Coast Black-faced Woodswallow,u546b
Artamus cinereus melanops,Inland Black-faced Woodswallow,u546c
Artamus cyanopterus cyanopterus,Eastern Dusky Woodswallow,u547a
Artamus minor derbyi,Northern Little Woodswallow,u548a
Larus novaehollandiae novaehollandiae,Australian Silver Gull,u125
Biziura lobata menziesi,Eastern Musk Duck,u217b
Cacatua tenuirostris,Long-billed Corella,u272
Ardenna carneipes,Flesh-footed Shearwater,u72
Cacatua galerita galerita,Eastern Sulphur-crested Cockatoo,u269b
Ninox boobook boobook,South-eastern Boobook,u242a
Amytornis striatus howei,Murray Mallee Striated Grasswren,u513c
Ardea alba modesta,Eastern Great Egret,u187
Accipiter novaehollandiae,Grey Goshawk,u220
Haliastur indus girrenera,Torresian Brahminy Kite,u227
Milvus migrans affinis,Torresian Black Kite,u229
Lophoictinia isura,Square-tailed Kite,u230
Ninox strenua,Powerful Owl,u248
Haematopus fuliginosus fuliginosus,Southern Sooty Oystercatcher,u131a
Zanda funerea funerea,Eastern Yellow-tailed Black-Cockatoo,u267a
Alisterus scapularis scapularis,Southern Australian King-Parrot,u281b
Egretta sacra sacra,Common Eastern Reef Egret,u191
Ixobrychus flavicollis australis,Torresian Black Bittern,u196a
Anas castanea,Chestnut Teal,u210
Hirundo neoxena neoxena,Eastern Welcome Swallow,u357b
Ardeotis australis,Australian Bustard,u176
Cacatua sanguinea gymnopis,Eastern Little Corella,u271a
Oxyura australis,Blue-billed Duck,u216
Aviceda subcristata subcristata,Australian Pacific Baza,u234
Elanus axillaris,Black-shouldered Kite,u232
Coracina lineata lineata,Australian Barred Cuckoo-shrike,u428
Cheramoeca leucosterna,White-backed Swallow,u358
Petrochelidon ariel,Fairy Martin,u360
Esacus magnirostris,Beach Stone-curlew,u175
Accipiter fasciatus fasciatus,Southern Brown Goshawk,u221c
Tyto alba delicatula,Eastern Barn Owl,u249
Eurostopodus mystacalis,White-throated Nightjar,u330
Pelagodroma marina dulciae,Australian White-faced Storm-Petrel,u65
Ixobrychus dubius,Australian Little Bittern,u195
Ptilinopus regina regina,Eastern Rose-crowned Fruit-Dove,u21b
Ptilinopus superbus,Superb Fruit-Dove,u23
Merops ornatus,Rainbow Bee-eater,u329
Sphecotheres vieilloti vieilloti,Green Figbird,u432c
Artamus leucorynchus leucopygialis,Torresian White-breasted Woodswallow,u543
Oriolus sagittatus sagittatus,Eastern Olive-backed Oriole,u671c
Haematopus longirostris,Australian Pied Oystercatcher,u130
Oceanites oceanicus oceanicus,Subantarctic Wilson's Storm-Petrel,u63b
Scythrops novaehollandiae novaehollandiae,Australian Channel-billed Cuckoo,u348
Pycnoptilus floccosus floccosus,Upland Pilotbird,u506a
Pycnoptilus floccosus sandlandi,Lowland Pilotbird,u506b
Corvus tasmanicus boreus,New England Forest Raven,u868a
Corvus mellori,Little Raven,u954
Chlidonias leucopterus,White-winged Black Tern,u109
Tyto novaehollandiae novaehollandiae,Southern Masked Owl,u250e
Tyto longimembris longimembris,Australian Eastern Grass Owl,u252
Lalage leucomela leucomela,Eastern Varied Triller,u431a
Melanodryas cucullata cucullata,South-eastern Hooded Robin,u385a
Aphelocephala leucopsis leucopsis,South-east Southern Whiteface,u466b
Numenius phaeopus variegatus,Eastern Siberian Whimbrel,u150b
Eolophus roseicapilla albiceps,Eastern Galah,u273a
Podiceps cristatus australis,Australian Great Crested Grebe,u60
Corvus coronoides coronoides,Eastern Australian Raven,u930a
Edolisoma tenuirostre tenuirostre,Eastern Common Cicadabird,u429b
Egretta garzetta immaculata,Australasian Little Egret,u185b
Accipiter cirrocephalus cirrocephalus,Australian Collared Sparrowhawk,u222
Polytelis swainsonii,Superb Parrot,u277
Coracina novaehollandiae melanops,Mainland Black-faced Cuckoo-shrike,u424a
Charadrius ruficapillus,Red-capped Plover,u143
Cladorhynchus leucocephalus,Banded Stilt,u147
Recurvirostra novaehollandiae,Red-necked Avocet,u148
Tringa brevipes,Grey-tailed Tattler,u155
Calidris alba alba,Eastern Sanderling,u166
Nymphicus hollandicus,Cockatiel,u274
Platycercus adscitus palliceps,Southern Pale-headed Rosella,u286b
Porphyrio porphyrio melanotus,Australasian Purple Swamphen,u58b
Corvus bennetti,Little Crow,u691
Calidris ruficollis,Red-necked Stint,u162
Menura novaehollandiae edwardi,Northern Superb Lyrebird,u350a
Menura novaehollandiae novaehollandiae,Central Superb Lyrebird,u350b
Menura novaehollandiae victoriae,Southern Superb Lyrebird,u350c
Menura alberti,Albert's Lyrebird,u351
Ptilonorhynchus violaceus violaceus,Southern Satin Bowerbird,u679b
Sericulus chrysocephalus,Regent Bowerbird,u684
Neopsephotus bourkii,Bourke's Parrot,u304
Cuculus optatus,Oriental Cuckoo,u336
Coracina maxima,Ground Cuckoo-shrike,u423
Coracina papuensis artamoides,Eastern White-bellied Cuckoo-shrike,u425b
Coracina papuensis robusta,South-eastern White-bellied Cuckoo-shrike,u425e
Colluricincla megarhyncha rufogaster,Southern Little Shrike-thrush,u413f
Poliocephalus poliocephalus,Hoary-headed Grebe,u62
Corvus orru cecilae,Australian Torresian Crow,u692a
Strepera versicolor melanoptera,Black-winged Currawong,u697d
Strepera versicolor versicolor,South-eastern Grey Currawong,u697f
Burhinus grallarius,Bush Stone-curlew,u174
Stagonopleura guttata,Diamond Firetail,u652
Numenius minutus,Little Curlew,u151
Calidris falcinellus sibirica,Eastern Siberian Broad-billed Sandpiper,u167
Neophema pulchella,Turquoise Parrot,u302
Neophema splendida,Scarlet-chested Parrot,u303
Calidris melanotos,Pectoral Sandpiper,u978
Platycercus elegans elegans,South-eastern Crimson Rosella,u282a
Platycercus elegans flaveolus,Yellow Rosella,u282c
Platycercus eximius elecica,Golden-mantled Rosella,u288b
Platycercus eximius eximius,South-east Eastern Rosella,u288c
Phaps histrionica,Flock Bronzewing,u36
Lichenostomus melanops gippslandicus,Gippsland Yellow-tufted Honeyeater,u619b
Lichenostomus melanops melanops,Eastern Yellow-tufted Honeyeater,u619c
Lichenostomus melanops meltoni,Western Yellow-tufted Honeyeater,u619d
Ailuroedus crassirostris,Green Catbird,u676
Strepera graculina graculina,Eastern Pied Currawong,u694c
Strepera graculina ashbyi,South-eastern Pied Currawong,u694e
Cracticus torquatus torquatus,South-eastern Grey Butcherbird,u702b
Cracticus torquatus leucopterus,Inland Grey Butcherbird,u702c
Gymnorhina tibicen terraereginae,Eastern Australian Magpie,u705f
Gymnorhina tibicen tibicen,Coastal New South Wales Australian Magpie,u705g
Gymnorhina tibicen tyrannica,Southern Victoria Australian Magpie,u705h
Alectura lathami lathami,Southern Australian Brush-turkey,u8a
Pezoporus wallicus wallicus,Eastern Ground Parrot,u311c
Lalage tricolor,White-winged Triller,u430
Turnix maculosus melanotus,Australian Red-backed Button-quail,u13
Vanellus tricolor,Banded Lapwing,u135
Pluvialis fulva,Pacific Golden Plover,u137
Peltohyas australis,Inland Dotterel,u145
Barnardius zonarius barnardi,Mallee Ringneck,u294a
Melopsittacus undulatus,Budgerigar,u310
Cacomantis variolosus variolosus,Southern Brush Cuckoo,u339
Eudynamys orientalis cyanocephalus,South-east Eastern Koel,u347a
Pachycephala inornata,Gilbert's Whistler,u403
Pachycephala olivacea macphersoniana,Northern Olive Whistler,u405d
Pachycephala olivacea olivacea,South-eastern Olive Whistler,u405e
Porzana fluminea,Australian Spotted Crake,u49
Gallinula tenebrosa tenebrosa,Australian Dusky Moorhen,u56
Fulica atra australis,Australian Eurasian Coot,u59
Vanellus miles novaehollandiae,Southern Masked Lapwing,u133b
Himantopus leucocephalus,Pied Stilt,u146
Podargus ocellatus plumiferus,Plumed Frogmouth,u314b
Pachycephala pectoralis pectoralis,Eastern Golden Whistler,u398d
Pachycephala pectoralis youngi,South-eastern Golden Whistler,u398g
Pachycephala rufiventris rufiventris,Southern Rufous Whistler,u401d
Colluricincla harmonica harmonica,Eastern Grey Shrike-thrush,u408b
Leucosarcia melanoleuca,Wonga Pigeon,u44
Cracticus nigrogularis nigrogularis,Eastern Pied Butcherbird,u700a
Psephotellus varius,Mulga Parrot,u296
Heteroscenes pallidus,Pallid Cuckoo,u337
Cacomantis flabelliformis flabelliformis,Australian Fan-tailed Cuckoo,u338
Chalcites basalis,Horsfield's Bronze-Cuckoo,u342
Chalcites lucidus lucidus,New Zealand Shining Bronze-Cuckoo,u344a
Chalcites lucidus plagosus,Australian Shining Bronze-Cuckoo,u344b
Chalcites minutillus barnardi,Eastern Little Bronze-Cuckoo,u345a
Lewinia pectoralis pectoralis,Eastern Australian Lewin's Rail,u45c
Amaurornis moluccana ruficrissa,Torresian Pale-vented Bush-hen,u53
Zoothera heinei heinei,Australian Russet-tailed Thrush,u780
Coturnix pectoralis,Stubble Quail,u9
Calidris subminuta,Long-toed Stint,u965
Phaps elegans elegans,Eastern Brush Bronzewing,u35a
Sericornis citreogularis citreogularis,Southern Yellow-throated Scrubwren,u493b
Cormobates leucophaea leucophaea,South-eastern White-throated Treecreeper,u558c
Cormobates leucophaea metastasis,Central Eastern White-throated Treecreeper,u558d
Podargus strigoides brachypterus,Western Tawny Frogmouth,u313a
Podargus strigoides strigoides,Eastern Tawny Frogmouth,u313c
Geopelia humeralis humeralis,Eastern Bar-shouldered Dove,u32b
Phaps chalcoptera,Common Bronzewing,u34
Ocyphaps lophotes lophotes,Eastern Crested Pigeon,u43a
Climacteris picumnus picumnus,North-eastern Brown Treecreeper,u555b
Chlamydera maculata,Spotted Bowerbird,u680
Charadrius bicinctus bicinctus,New Zealand Double-banded Plover,u140
Turnix varius varius,Australian Painted Button-quail,u14a
Tringa glareola,Wood Sandpiper,u154
Actitis hypoleucos,Common Sandpiper,u157
Irediparra gallinacea novaehollandiae,Australian Comb-crested Jacana,u171
Turnix pyrrhothorax,Red-chested Button-quail,u19
Psephotus haematonotus caeruleus,Lake Eyre Basin Red-rumped Parrot,u295a
Psephotus haematonotus haematonotus,South-eastern Red-rumped Parrot,u295b
Northiella haematogaster haematogaster,Yellow-vented Bluebonnet,u297a
Northiella haematogaster haematorrhoa,Red-vented Bluebonnet,u297b
Northiella haematogaster pallescens,Pallid Bluebonnet,u297d
Todiramphus pyrrhopygius,Red-backed Kingfisher,u325
Falcunculus frontatus,Eastern Shrike-tit,u416
Pomatostomus ruficeps,Chestnut-crowned Babbler,u446
Zapornia tabuensis tabuensis,Australasian Spotless Crake,u51
Tribonyx ventralis,Black-tailed Native-hen,u55
Gliciphila melanops melanops,Northern Tawny-crowned Honeyeater,u593b
Certhionyx variegatus,Pied Honeyeater,u602
Tachybaptus novaehollandiae novaehollandiae,Australian Grebe,u61
Manorina melanophrys,Bell Miner,u633
Erythrogonys cinctus,Red-kneed Dotterel,u132
Elseyornis melanops,Black-fronted Dotterel,u144
Macropygia phasianella phasianella,Southern Brown Cuckoo-Dove,u29a
Todiramphus sanctus sanctus,Australian Sacred Kingfisher,u326b
Todiramphus chloris colcloughi,South-eastern Collared Kingfisher,u327a
Chalcites osculans,Black-eared Cuckoo,u341
Cinclosoma punctatum punctatum,Eastern Spotted Quail-thrush,u436c
Hypotaenidia philippensis mellori,Australian Buff-banded Rail,u46c
Cincloramphus mathewsi,Rufous Songlark,u509
Climacteris affinis superciliosus,Eastern White-browed Treecreeper,u561b
Grantiella picta,Painted Honeyeater,u598
Ptilotula penicillata leilavalensis,Central White-plumed Honeyeater,u625c
Ptilotula penicillata penicillata,Eastern White-plumed Honeyeater,u625d
Phylidonyris niger niger,Eastern White-cheeked Honeyeater,u632b
Philemon corniculatus monachus,Southern Noisy Friarbird,u645b
Mirafra javanica horsfieldii,Eastern Horsfield's Bushlark,u648d
Mirafra javanica rufescens,Western Queensland Horsfield's Bushlark,u648f
Anthochaera chrysoptera chrysoptera,South-eastern Little Wattlebird,u710a
Zoothera lunulata lunulata,South-eastern Bassian Thrush,u779c
Pomatostomus halli,Hall's Babbler,u938
Synoicus chinensis victoriae,Eastern King Quail,u12b
Turnix velox,Little Button-quail,u18
Zapornia pusilla palustris,Torresian Baillon's Crake,u50
Dasyornis brachypterus brachypterus,Southern Eastern Bristlebird,u519a
Columba leucomela,White-headed Pigeon,u28
Dacelo novaeguineae novaeguineae,Southern Laughing Kookaburra,u322b
Chalcophaps longirostris rogersi,Eastern Brown-capped Emerald-Dove,u33a
Monarcha melanopsis,Black-faced Monarch,u373
Oreoica gutturalis gutturalis,Southern Crested Bellbird,u419a
Oreoica gutturalis pallescens,Northern Crested Bellbird,u419b
Orthonyx temminckii,Australian Logrunner,u434
Cinclosoma castanotum castanotum,Eastern Chestnut Quail-thrush,u437a
Pyrrholaemus sagittatus,Speckled Warbler,u504
Cincloramphus cruralis,Brown Songlark,u508
Climacteris erythrops,Red-browed Treecreeper,u560
Melithreptus lunatus,White-naped Honeyeater,u578
Melithreptus albogularis inopinatus,Eastern White-throated Honeyeater,u579b
Plectorhyncha lanceolata,Striped Honeyeater,u585
Purnella albifrons,White-fronted Honeyeater,u594
Meliphaga lewinii lewinii,Southern Lewin's Honeyeater,u605b
Gavicalis fasciogularis,Mangrove Honeyeater,u610
Lichenostomus cratitius occidentalis,Mainland Purple-gaped Honeyeater,u620b
Ptilotula ornata,Yellow-plumed Honeyeater,u622
Ptilotula plumula graingeri,Eastern Grey-fronted Honeyeater,u623a
Phylidonyris novaehollandiae novaehollandiae,Eastern New Holland Honeyeater,u631f
Manorina melanocephala melanocephala,Southern Noisy Miner,u634b
Anthochaera carunculata carunculata,Eastern Red Wattlebird,u638a
Anthochaera carunculata woodwardi,Western Red Wattlebird,u638c
Entomyzon cyanotis cyanotis,Eastern Blue-faced Honeyeater,u641a
Philemon citreogularis citreogularis,Eastern Little Friarbird,u646a
Dicrurus bracteatus bracteatus,Southern Spangled Drongo,u673c
Lophorina paradisea,Paradise Riflebird,u686
Psophodes cristatus,Chirruping Wedgebill,u866
Amytornis barbatus barbatus,Bulloo Grey Grasswren,u871a
Synoicus ypsilophorus australis,Mainland Brown Quail,u11a
Sericornis frontalis frontalis,South-eastern White-browed Scrubwren,u488d
Sericornis frontalis laevigaster,Buff-breasted Scrubwren,u488f
Sericornis frontalis tweedi,Central east Coast White-browed Scrubwren,u488j
Corcorax melanorhamphos melanorhamphos,Eastern White-winged Chough,u693a
Ceyx azureus azureus,Southern Azure Kingfisher,u319a
Symposiachrus trivirgatus gouldii,Southern Spectacled Monarch,u375b
Psophodes olivaceus olivaceus,South-east Eastern Whipbird,u421b
Acrocephalus australis australis,Eastern Australian Reed-Warbler,u524a
Zosterops lateralis cornwalli,Eastern Silvereye,u574c
Zosterops lateralis pinarochrous,South Australian Silvereye,u574f
Zosterops lateralis westernensis,South-eastern Silvereye,u574i
Melithreptus gularis,Black-chinned Honeyeater,u580
Melithreptus laetior,Golden-backed Honeyeater,u581
Melithreptus brevirostris brevirostris,South-eastern Brown-headed Honeyeater,u583a
Melithreptus brevirostris pallidiceps,Northern Brown-headed Honeyeater,u583d
Myzomela obscura harterti,Eastern Dusky Honeyeater,u590b
Acanthorhynchus tenuirostris tenuirostris,South-east Eastern Spinebill,u591d
Ptilotula fusca fusca,Southern Fuscous Honeyeater,u613a
Manorina flavigula flavigula,Eastern Yellow-throated Miner,u635a
Manorina flavigula wayensis,Inland Yellow-throated Miner,u635e
Acanthagenys rufogularis,Spiny-cheeked Honeyeater,u640
Geopelia cuneata,Diamond Dove,u31
Petroica rosea,Rose Robin,u384
Tregellasia capito capito,Southern Pale-yellow Robin,u396a
Pomatostomus temporalis temporalis,Eastern Grey-crowned Babbler,u443b
Pomatostomus superciliosus gilgandra,Eastern White-browed Babbler,u445c
Pomatostomus superciliosus superciliosus,Southern White-browed Babbler,u445d
Ashbyia lovensis,Gibberbird,u452
Gerygone olivacea olivacea,Eastern White-throated Gerygone,u453b
Gerygone levigaster cantator,Eastern Mangrove Gerygone,u460a
Gerygone fusca exsul,Eastern Woodlands Western Gerygone,u463a
Sericornis citreogularis intermedius,Central Yellow-throated Scrubwren,u493c
Pyrrholaemus brunneus,Redthroat,u497
Calamanthus pyrrhopygius pyrrhopygius,Eastern Chestnut-rumped Heathwren,u498c
Gavicalis virescens forresti,Inland Singing Honeyeater,u608b
Gavicalis virescens sonorus,South-eastern Singing Honeyeater,u608c
Caligavis chrysops chrysops,South-eastern Yellow-faced Honeyeater,u614b
Nesoptilotis leucotis leucotis,South-eastern White-eared Honeyeater,u617b
Nesoptilotis leucotis depauperata,Inland White-eared Honeyeater,u617e
Cinclosoma cinnamomeum cinnamomeum,Southern Cinnamon Quail-thrush,u439b
Cinclosoma cinnamomeum tirariense,Northern Cinnamon Quail-thrush,u439c
Epthianura aurifrons,Orange Chat,u450
Cisticola exilis exilis,South-eastern Golden-headed Cisticola,u525c
Sugomel nigrum,Black Honeyeater,u589
Emblema pictum,Painted Finch,u654
Geopelia placida placida,Eastern Peaceful Dove,u30c
Centropus phasianinus phasianinus,Eastern Pheasant Coucal,u349a
Rhipidura leucophrys leucophrys,Southern Willie Wagtail,u364a
Microeca fascinans assimilis,Southern Jacky Winter,u377a
Microeca fascinans fascinans,Eastern Jacky Winter,u377b
Microeca fascinans pallida,Northern Jacky Winter,u377c
Petroica boodang boodang,Eastern Scarlet Robin,u380a
Petroica phoenicea,Flame Robin,u382
Melanodryas cucullata picata,Northern Hooded Robin,u385c
Grallina cyanoleuca cyanoleuca,Southern Magpie-lark,u415a
Drymodes brunneopygia,Southern Scrub-robin,u441
Gerygone mouki richmondi,Southern Brown Gerygone,u454c
Acanthiza apicalis albiventris,Eastern Inland Thornbill,u476a
Acanthiza uropygialis,Chestnut-rumped Thornbill,u481
Calamanthus cautus cautus,Eastern Mallee Shy Heathwren,u499a
Calamanthus cautus macrorhynchus,Riverina Shy Heathwren,u499c
Calamanthus fuliginosus albiloris,Eastern Striated Fieldwren,u500a
Lichmera indistincta ocularis,Eastern Brown Honeyeater,u597c
Todiramphus macleayii incinctus,Eastern Forest Kingfisher,u324a
Rhipidura albiscapa albiscapa,Tasmanian Grey Fantail,u361b
Rhipidura albiscapa alisteri,South-eastern Grey Fantail,u361c
Rhipidura rufifrons intermedia,North-eastern Rufous Fantail,u362a
Rhipidura rufifrons rufifrons,Southern Rufous Fantail,u362b
Myiagra cyanoleuca,Satin Flycatcher,u366
Carterornis leucotis,White-eared Monarch,u376
Epthianura tricolor,Crimson Chat,u449
Cincloramphus timoriensis alisteri,Australian Tawny Grassbird,u523
Myzomela sanguinolenta,Scarlet Honeyeater,u586
Phylidonyris pyrrhopterus pyrrhopterus,Eastern Crescent Honeyeater,u630b
Stagonopleura bella,Beautiful Firetail,u650
Taeniopygia castanotis,Zebra Finch,u653
Taeniopygia bichenovii bichenovii,Eastern Double-barred Finch,u655b
Neochmia modesta,Plum-headed Finch,u661
Petroica goodenovii,Red-capped Robin,u381
Eopsaltria australis australis,South-eastern Yellow Robin,u392a
Eopsaltria australis chrysorrhos,North-eastern Yellow Robin,u392b
Epthianura albifrons,White-fronted Chat,u448
Acanthiza lineata alberti,Southern Queensland Striated Thornbill,u470a
Acanthiza lineata lineata,South-eastern Striated Thornbill,u470c
Acanthiza reguloides australis,South Australian Buff-rumped Thornbill,u484a
Acanthiza reguloides nesa,Southern Queensland Buff-rumped Thornbill,u484b
Acanthiza reguloides reguloides,South-eastern Buff-rumped Thornbill,u484c
Acanthiza chrysorrhoa leighi,South-eastern Yellow-rumped Thornbill,u486c
Acanthiza chrysorrhoa normantoni,Northern Yellow-rumped Thornbill,u486d
Sericornis magnirostra magnirostra,East Coast Large-billed Scrubwren,u494c
Struthidea cinerea cinerea,Southern Apostlebird,u675a
Eudyptula minor novaehollandiae,Australian Little Penguin,u5
Myiagra rubecula rubecula,South-eastern Leaden Flycatcher,u365c
Myiagra rubecula yorki,Eastern Leaden Flycatcher,u365d
Poodytes gramineus goulburni,Eastern Little Grassbird,u522a
Anthus novaeseelandiae australis,Central Australian Pipit,u647a
Lonchura castaneothorax castaneothorax,Australian Chestnut-breasted Mannikin,u657
Aegotheles cristatus cristatus,Mainland Australian Owlet-nightjar,u317a
Acanthiza nana modesta,Western Yellow Thornbill,u471b
Acanthiza nana nana,East Coast Yellow Thornbill,u471c
Acanthiza pusilla dawsonensis,Northern Brown Thornbill,u475b
Acanthiza pusilla pusilla,South-eastern Brown Thornbill,u475d
Petroica rodinogaster inexpectata,Mainland Pink Robin,u383a
Dicaeum hirundinaceum,Mistletoebird,u564
Pardalotus rubricatus rubricatus,Inland Red-browed Pardalote,u570a
Neochmia temporalis temporalis,Southern Red-browed Finch,u662b
Myiagra inquieta,Restless Flycatcher,u728
Pardalotus striatus melanocephalus,Black-headed Pardalote,u976a
Pardalotus striatus ornatus,Eastern Striated Pardalote,u976c
Pardalotus striatus substriatus,Western Striated Pardalote,u976e
Dromaius novaehollandiae novaehollandiae,Mainland Emu,u1b
Smicrornis brevirostris brevirostris,Eastern Weebill,u465a
Smicrornis brevirostris flavescens,Northern Weebill,u465b
Smicrornis brevirostris occidentalis,Southern Weebill,u465c
Calamanthus campestris campestris,Nullarbor Rufous Fieldwren,u502a
Calamanthus campestris isabellinus,Lake Eyre Basin Rufous Fieldwren,u502c
Origma solitaria,Rockwarbler,u505
Daphoenositta chrysoptera chrysoptera,Orange-winged Sittella,u549a
Daphoenositta chrysoptera leucocephala,White-headed Sittella,u549b
Daphoenositta chrysoptera pileata,Black-capped Sittella,u549d
Malurus splendens melanotus,Black-backed Fairy-wren,u532b
Malurus leucopterus leuconotus,Mainland White-winged Fairy-wren,u535b
Pardalotus punctatus punctatus,Coastal Spotted Pardalote,u565b
Pardalotus punctatus xanthopyge,Yellow-rumped Pardalote,u565c
Malurus cyaneus cyanochlamys,Northern Superb Fairy-wren,u529c
Malurus assimilis assimilis,Inland Purple-backed Fairy-wren,u536d
Malurus melanocephalus melanocephalus,Eastern Red-backed Fairy-wren,u541b
Stipiturus malachurus malachurus,East Coast Southern Emu-wren,u526e