"common_name","scientific_name","migration","feeding_guild","trophic_level","primary_lifestyle","foraging_stratum","botw_seasonal_codes"
"Australian Magpie","Gymnorhina tibicen","Sedentary","Invertivore","Carnivore","Terrestrial","ground","1"
"Rainbow Lorikeet","Trichoglossus moluccanus","Sedentary","Omnivore","Herbivore","Insessorial","understory","1"
"Magpie-lark","Grallina cyanoleuca","Sedentary","Aquatic predator","Carnivore","Terrestrial","ground","1"
"Noisy Miner","Manorina melanocephala","Sedentary","Omnivore","Omnivore","Insessorial","ground","1"
"Welcome Swallow","Hirundo neoxena","Migratory","Invertivore","Carnivore","Aerial","understory","1;3"
"Australian Raven","Corvus coronoides","Sedentary","Omnivore","Omnivore","Generalist","ground","1"
"Superb Fairywren","Malurus cyaneus","Sedentary","Invertivore","Carnivore","Terrestrial","ground","1"
"Willie-wagtail","Rhipidura leucophrys","Sedentary","Invertivore","Carnivore","Insessorial","mid-high","1"
"Laughing Kookaburra","Dacelo novaeguineae","Sedentary","Omnivore","Carnivore","Insessorial","ground","1"
"Pied Currawong","Strepera graculina","Sedentary","Omnivore","Omnivore","Generalist","ground","1"
"Sulphur-crested Cockatoo","Cacatua galerita","Sedentary","Omnivore","Herbivore","Insessorial","ground","1"
"Gray Fantail","Rhipidura albiscapa","Sedentary","Invertivore","Carnivore","Insessorial",NA,"1;3"
"Masked Lapwing","Vanellus miles","Sedentary","Invertivore","Carnivore","Terrestrial","ground","1;3"
"Pacific Black Duck","Anas superciliosa","Partial migrant","Herbivore aquatic","Herbivore","Aquatic","around-water","1"
"Galah","Eolophus roseicapilla","Sedentary","Granivore","Herbivore","Terrestrial","ground","1"
"Gray Butcherbird","Cracticus torquatus","Sedentary","Omnivore","Omnivore","Insessorial","ground","1"
"Crested Pigeon","Ocyphaps lophotes","Sedentary","Omnivore","Herbivore","Terrestrial","ground","1"
"Australian Ibis","Threskiornis molucca","Sedentary","Aquatic predator","Carnivore","Terrestrial","around-water",NA
"Red Wattlebird","Anthochaera carunculata","Partial migrant","Nectarivore","Herbivore","Insessorial","mid-high","1"
"Lewin's Honeyeater","Meliphaga lewinii","Sedentary","Omnivore","Herbivore","Insessorial","mid-high","1"
"Maned Duck","Chenonetta jubata","Sedentary","Herbivore terrestrial","Herbivore","Terrestrial","ground","1"
"Common Myna","Acridotheres tristis","Partial migrant","Omnivore","Carnivore","Terrestrial","ground","1"
"White-faced Heron","Egretta novaehollandiae","Sedentary","Aquatic predator","Carnivore","Terrestrial","around-water","1;3"
"Eastern Yellow Robin","Eopsaltria australis","Sedentary","Invertivore","Carnivore","Insessorial","ground","1"
"Little Pied Cormorant","Microcarbo melanoleucos","Sedentary","Aquatic predator","Carnivore","Aquatic","below-water","1;3"
"Eastern Whipbird","Psophodes olivaceus","Sedentary","Invertivore","Carnivore","Generalist","ground","1"
"Crimson Rosella","Platycercus elegans","Sedentary","Omnivore","Herbivore","Insessorial","mid-high","1"
"Silver Gull","Chroicocephalus novaehollandiae","Sedentary","Omnivore","Carnivore","Generalist","around-water",NA
"Black-faced Cuckooshrike","Coracina novaehollandiae","Sedentary","Invertivore","Carnivore","Insessorial","ground","1;2;3;4"
"Yellow-faced Honeyeater","Caligavis chrysops","Migratory","Omnivore","Herbivore","Insessorial","canopy","1"
"Brown Thornbill","Acanthiza pusilla","Sedentary","Invertivore","Carnivore","Insessorial","ground","1"
"Little Wattlebird","Anthochaera chrysoptera","Sedentary","Nectarivore","Herbivore","Insessorial","understory","1"
"Silvereye","Zosterops lateralis","Sedentary","Omnivore","Omnivore","Insessorial","understory","1"
"Eastern Rosella","Platycercus eximius","Sedentary","Omnivore","Herbivore","Insessorial","ground","1"
"Eastern Spinebill","Acanthorhynchus tenuirostris","Sedentary","Nectarivore","Omnivore","Insessorial","understory","1"
"Dusky Moorhen","Gallinula tenebrosa","Sedentary","Omnivore","Herbivore","Terrestrial","ground","1"
"Gray Shrikethrush","Colluricincla harmonica","Sedentary","Invertivore","Carnivore","Insessorial","mid-high","1"
"White-browed Scrubwren","Sericornis frontalis","Sedentary","Invertivore","Omnivore","Insessorial","ground","1"
"Little Black Cormorant","Phalacrocorax sulcirostris","Sedentary","Aquatic predator","Carnivore","Aquatic","below-water","1;3"
"Red-browed Firetail","Neochmia temporalis","Sedentary","Granivore","Herbivore","Terrestrial","ground","1"
"Eurasian Coot","Fulica atra","Sedentary","Herbivore aquatic","Herbivore","Generalist","below-water","1;2;3"
"Golden Whistler","Pachycephala pectoralis","Partial migrant","Invertivore","Carnivore","Insessorial","ground","1"
"Australian Pelican","Pelecanus conspicillatus","Sedentary","Aquatic predator","Carnivore","Aquatic","below-water","1;3"
"Australasian Swamphen","Porphyrio melanotus","Sedentary","Herbivore aquatic","Herbivore","Terrestrial",NA,NA
"White-throated Treecreeper","Cormobates leucophaea","Sedentary","Invertivore","Carnivore","Insessorial","understory","1"
"Spotted Dove","Spilopelia chinensis","Sedentary","Granivore","Herbivore","Terrestrial","ground","1"
"Spotted Pardalote","Pardalotus punctatus","Sedentary","Invertivore","Omnivore","Insessorial","canopy","1"
"European Starling","Sturnus vulgaris","Partial migrant","Omnivore","Omnivore","Insessorial","ground","1;2;3"
"Little Corella","Cacatua sanguinea","Sedentary","Granivore","Herbivore","Terrestrial","ground","1"
"Australian King-Parrot","Alisterus scapularis","Sedentary","Frugivore","Herbivore","Insessorial","understory","1"
"Satin Bowerbird","Ptilonorhynchus violaceus","Sedentary","Omnivore","Omnivore","Insessorial","canopy","1"
"Gray Teal","Anas gracilis","Sedentary","Aquatic predator","Omnivore","Aquatic","around-water","1"
"Rufous Whistler","Pachycephala rufiventris","Sedentary","Invertivore","Carnivore","Insessorial","understory","1"
"Noisy Friarbird","Philemon corniculatus","Sedentary","Omnivore","Omnivore","Insessorial","canopy","1"
"Chestnut Teal","Anas castanea","Partial migrant","Aquatic predator","Omnivore","Aquatic","around-water","1"
"Yellow Thornbill","Acanthiza nana","Sedentary","Invertivore","Carnivore","Insessorial","mid-high","1"
"Black Swan","Cygnus atratus","Partial migrant","Herbivore aquatic","Herbivore","Aquatic","around-water","1"
"Great Cormorant","Phalacrocorax carbo","Partial migrant","Aquatic predator","Carnivore","Aquatic","below-water","1;2;3;4"
"Rock Pigeon","Columba livia","Sedentary","Granivore","Herbivore","Terrestrial","ground","1"
"Australasian Grebe","Tachybaptus novaehollandiae","Sedentary","Aquatic predator","Carnivore","Aquatic","below-water","1;3"
"Pied Butcherbird","Cracticus nigrogularis","Sedentary","Omnivore","Carnivore","Insessorial","ground","1"
"Australasian Figbird","Sphecotheres vieilloti","Sedentary","Frugivore","Herbivore","Insessorial","canopy","1"
"Great Egret","Ardea alba","Partial migrant","Aquatic predator","Carnivore","Terrestrial","around-water","1;2;3;4;5"
"White-plumed Honeyeater","Ptilotula penicillata","Sedentary","Omnivore","Omnivore","Insessorial","mid-high","1"
"New Holland Honeyeater","Phylidonyris novaehollandiae","Partial migrant","Nectarivore","Herbivore","Insessorial","understory","1"
"Olive-backed Oriole","Oriolus sagittatus","Partial migrant","Omnivore","Herbivore","Insessorial","canopy","1"
"Sacred Kingfisher","Todiramphus sanctus","Migratory","Invertivore","Carnivore","Insessorial","ground","1;2;3"
"Yellow-tailed Black-Cockatoo","Zanda funerea","Sedentary","Granivore","Herbivore","Insessorial","understory","1"
"Red-rumped Parrot","Psephotus haematonotus","Sedentary","Granivore","Herbivore","Terrestrial","ground","1"
"Australasian Darter","Anhinga novaehollandiae","Sedentary","Aquatic predator","Carnivore","Aquatic","below-water","1"
"Pacific Koel","Eudynamys orientalis","Sedentary","Frugivore","Herbivore","Insessorial","canopy","1;2"
"Great Crested Tern","Thalasseus bergii","Migratory","Aquatic predator","Carnivore","Aerial","pelagic","1;4"
"Striated Pardalote","Pardalotus striatus","Sedentary","Invertivore","Carnivore","Insessorial","canopy","1;3"
"Torresian Crow","Corvus orru","Sedentary","Omnivore","Omnivore","Generalist","ground","1"
"Brown Gerygone","Gerygone mouki","Sedentary","Invertivore","Carnivore","Insessorial","understory","1"
"Bar-shouldered Dove","Geopelia humeralis","Sedentary","Granivore","Herbivore","Terrestrial","ground","1"
"Pied Cormorant","Phalacrocorax varius","Sedentary","Aquatic predator","Carnivore","Aquatic","below-water","1"
"Eurasian Blackbird","Turdus merula","Sedentary","Omnivore","Omnivore","Generalist","ground","1;2;3"
"House Sparrow","Passer domesticus","Sedentary","Granivore","Herbivore","Terrestrial","ground","1;3"
"Striated Thornbill","Acanthiza lineata","Sedentary","Invertivore","Omnivore","Insessorial","mid-high","1"
"Hardhead","Aythya australis","Sedentary","Aquatic predator","Carnivore","Aquatic","below-water","1"
"Royal Spoonbill","Platalea regia","Partial migrant","Aquatic predator","Carnivore","Terrestrial","around-water","1;3"
"Australian Reed Warbler","Acrocephalus australis","Migratory","Invertivore","Carnivore","Insessorial","understory","1"
"Fan-tailed Cuckoo","Cacomantis flabelliformis","Sedentary","Invertivore","Carnivore","Insessorial","mid-high","1"
"Variegated Fairywren","Malurus lamberti","Sedentary","Invertivore","Carnivore","Insessorial","understory","1"
"Yellow-rumped Thornbill","Acanthiza chrysorrhoa","Sedentary","Invertivore","Carnivore","Terrestrial","ground","1"
"White-bellied Sea-Eagle","Icthyophaga leucogaster","Sedentary","Aquatic predator","Carnivore","Aerial","around-water",NA
"Straw-necked Ibis","Threskiornis spinicollis","Sedentary","Omnivore","Carnivore","Terrestrial","ground","1;3;4"
"Red-whiskered Bulbul","Pycnonotus jocosus","Sedentary","Omnivore","Herbivore","Insessorial","understory","1"
"Scarlet Myzomela","Myzomela sanguinolenta","Partial migrant","Nectarivore","Herbivore","Insessorial","mid-high","1"
"Nankeen Kestrel","Falco cenchroides","Partial migrant","Invertivore","Carnivore","Generalist","ground","1;3"
"Whistling Kite","Haliastur sphenurus","Sedentary","Omnivore","Carnivore","Aerial","ground","1;3"
"Blue-faced Honeyeater","Entomyzon cyanotis","Sedentary","Omnivore","Omnivore","Insessorial","mid-high","1"
"Mistletoebird","Dicaeum hirundinaceum","Partial migrant","Invertivore","Omnivore","Insessorial","mid-high","1"
"Australian Brushturkey","Alectura lathami","Sedentary","Omnivore","Herbivore","Terrestrial","ground","1"
"Dollarbird","Eurystomus orientalis","Migratory","Invertivore","Carnivore","Aerial","understory","1;2"
"Eastern Cattle-Egret","Ardea coromanda","Partial migrant","Omnivore","Carnivore","Terrestrial",NA,NA
"Pied Stilt","Himantopus leucocephalus","Partial migrant","Aquatic predator","Carnivore","Terrestrial","around-water",NA
"Bell Miner","Manorina melanophrys","Sedentary","Invertivore","Carnivore","Insessorial","canopy","1"
"Brown Cuckoo-Dove","Macropygia phasianella","Partial migrant","Omnivore","Herbivore","Insessorial","understory","1"
"Musk Lorikeet","Trichoglossus concinnus","Sedentary","Omnivore","Herbivore","Insessorial","mid-high",NA
"Pied Oystercatcher","Haematopus longirostris","Sedentary","Aquatic predator","Carnivore","Terrestrial","ground","1;3"
"Wonga Pigeon","Leucosarcia melanoleuca","Sedentary","Omnivore","Herbivore","Terrestrial","ground","1"
"Brown Honeyeater","Lichmera indistincta","Sedentary","Nectarivore","Herbivore","Insessorial","mid-high","1"
"White-cheeked Honeyeater","Phylidonyris niger","Partial migrant","Nectarivore","Herbivore","Insessorial","understory","1"
"Little Raven","Corvus mellori","Sedentary","Omnivore","Omnivore","Generalist","ground","1"
"Golden-headed Cisticola","Cisticola exilis","Sedentary","Invertivore","Carnivore","Terrestrial","ground","1"
"White-winged Chough","Corcorax melanorhamphos","Sedentary","Omnivore","Omnivore","Terrestrial","ground","1"
"Black-shouldered Kite","Elanus axillaris","Partial migrant","Vertivore","Carnivore","Aerial","ground","1"
"Tree Martin","Petrochelidon nigricans","Partial migrant","Invertivore","Carnivore","Aerial","mid-high","1;2;3"
"Scaly-breasted Lorikeet","Trichoglossus chlorolepidotus","Sedentary","Nectarivore","Herbivore","Insessorial","understory","1"
"Channel-billed Cuckoo","Scythrops novaehollandiae","Migratory","Frugivore","Omnivore","Insessorial","mid-high","1;2;3"
"Black-fronted Dotterel","Thinornis melanops","Partial migrant","Aquatic predator","Carnivore","Terrestrial","ground",NA
"Superb Lyrebird","Menura novaehollandiae","Sedentary","Invertivore","Carnivore","Terrestrial","ground","1"
"Fairy Martin","Petrochelidon ariel","Partial migrant","Invertivore","Carnivore","Aerial","aerial","1;3"
"Peaceful Dove","Geopelia placida","Sedentary","Granivore","Herbivore","Terrestrial","ground","1"
"White-headed Pigeon","Columba leucomela","Sedentary","Omnivore","Herbivore","Insessorial","understory","1"
"Pacific Heron","Ardea pacifica","Partial migrant","Omnivore","Carnivore","Terrestrial","around-water","1;3"
"Little Egret","Egretta garzetta","Partial migrant","Aquatic predator","Carnivore","Terrestrial","around-water","1;2;3"
"Spiny-cheeked Honeyeater","Acanthagenys rufogularis","Sedentary","Omnivore","Omnivore","Insessorial","mid-high","1"
"White-breasted Woodswallow","Artamus leucorynchus","Sedentary","Invertivore","Carnivore","Aerial","aerial",NA
"White-eared Honeyeater","Nesoptilotis leucotis","Sedentary","Invertivore","Omnivore","Insessorial","understory","1"
"White-naped Honeyeater","Melithreptus lunatus","Sedentary","Invertivore","Carnivore","Insessorial","canopy","1"
"White-throated Gerygone","Gerygone olivacea","Sedentary","Invertivore","Carnivore","Insessorial","canopy","1"
"Australian Rufous Fantail","Rhipidura rufifrons","Sedentary","Invertivore","Carnivore","Insessorial","ground","1;3"
"Weebill","Smicrornis brevirostris","Sedentary","Invertivore","Carnivore","Insessorial","canopy","1"
"Common Bronzewing","Phaps chalcoptera","Sedentary","Granivore","Herbivore","Terrestrial","ground","1"
"Rainbow Bee-eater","Merops ornatus","Migratory","Invertivore","Carnivore","Insessorial","understory","1;2;3"
"Osprey","Pandion haliaetus","Migratory","Aquatic predator","Carnivore","Aerial","around-water","1;2;3;4"
"Black-faced Monarch","Monarcha melanopsis","Migratory","Invertivore","Carnivore","Insessorial","understory","1;2;3"
"Australian Pipit","Anthus australis","Sedentary","Invertivore","Carnivore","Terrestrial",NA,NA
"Wedge-tailed Eagle","Aquila audax","Partial migrant","Vertivore","Carnivore","Generalist","ground","1"
"Dusky Woodswallow","Artamus cyanopterus","Sedentary","Invertivore","Carnivore","Aerial","aerial","1"
"Sooty Oystercatcher","Haematopus fuliginosus","Sedentary","Aquatic predator","Carnivore","Terrestrial","ground","1"
"Bar-tailed Godwit","Limosa lapponica","Migratory","Aquatic predator","Carnivore","Terrestrial","around-water","2;3;4"
"Jacky-winter","Microeca fascinans","Migratory","Invertivore","Carnivore","Insessorial","ground","1"
"Shining Bronze-Cuckoo","Chalcites lucidus","Sedentary","Invertivore","Carnivore","Insessorial","mid-high","1;2;3;4"
"Brown Goshawk","Tachyspiza fasciata","Sedentary","Vertivore","Carnivore","Generalist","ground",NA
"Swamp Harrier","Circus approximans","Partial migrant","Vertivore","Carnivore","Aerial","ground","1;3"
"Green Catbird","Ailuroedus crassirostris","Sedentary","Omnivore","Herbivore","Insessorial","mid-high","1"
"Tawny Frogmouth","Podargus strigoides","Sedentary","Invertivore","Carnivore","Insessorial","ground","1"
"Caspian Tern","Hydroprogne caspia","Migratory","Aquatic predator","Carnivore","Aerial","pelagic","1;2;3;4"
"Double-barred Finch","Stizoptera bichenovii","Sedentary","Granivore","Herbivore","Terrestrial","ground",NA
"Striped Honeyeater","Plectorhyncha lanceolata","Sedentary","Omnivore","Herbivore","Insessorial","understory","1"
"Leaden Flycatcher","Myiagra rubecula","Sedentary","Invertivore","Carnivore","Insessorial","mid-high","1;2"
"Little Grassbird","Poodytes gramineus","Sedentary","Invertivore","Carnivore","Generalist","ground","1"
"Long-billed Corella","Cacatua tenuirostris","Sedentary","Granivore","Herbivore","Terrestrial","ground","1"
"Australasian Gannet","Morus serrator","Partial migrant","Aquatic predator","Carnivore","Aerial","pelagic","2;3"
"Hoary-headed Grebe","Poliocephalus poliocephalus","Sedentary","Aquatic predator","Carnivore","Aquatic","below-water","1;3"
"Large-billed Scrubwren","Sericornis magnirostra","Partial migrant","Invertivore","Carnivore","Insessorial","mid-high","1"
"Restless Flycatcher","Myiagra inquieta","Partial migrant","Invertivore","Carnivore","Insessorial","ground","1;3"
"Spangled Drongo","Dicrurus bracteatus","Sedentary","Invertivore","Carnivore","Insessorial","canopy","1"
"Brown Treecreeper","Climacteris picumnus","Sedentary","Invertivore","Carnivore","Insessorial","ground","1"
"Far Eastern Curlew","Numenius madagascariensis","Migratory","Aquatic predator","Carnivore","Terrestrial","ground","2;3;4"
"Apostlebird","Struthidea cinerea","Sedentary","Omnivore","Omnivore","Terrestrial","ground","1"
"Topknot Pigeon","Lopholaimus antarcticus","Sedentary","Frugivore","Herbivore","Insessorial","canopy","1"
"Plumed Egret","Ardea plumifera","Partial migrant","Aquatic predator","Carnivore","Terrestrial",NA,"1;3"
"Little Friarbird","Philemon citreogularis","Partial migrant","Omnivore","Herbivore","Insessorial","canopy","1"
"Australasian Shoveler","Spatula rhynchotis","Sedentary","Aquatic predator","Carnivore","Aquatic","below-water","1"
"Tawny Grassbird","Cincloramphus timoriensis","Sedentary","Invertivore","Carnivore","Generalist","ground","1"
"Buff-rumped Thornbill","Acanthiza reguloides","Sedentary","Invertivore","Carnivore","Insessorial","ground","1"
"Rufous Songlark","Cincloramphus mathewsi","Migratory","Invertivore","Carnivore","Terrestrial","ground","1;3"
"Brown Quail","Synoicus ypsilophorus","Sedentary","Granivore","Herbivore","Terrestrial","ground","1"
"Brown-headed Honeyeater","Melithreptus brevirostris","Sedentary","Omnivore","Omnivore","Insessorial","canopy","1"
"Pink-eared Duck","Malacorhynchus membranaceus","Partial migrant","Omnivore","Omnivore","Aquatic","around-water","1;5"
"Yellow-throated Scrubwren","Neosericornis citreogularis","Sedentary","Invertivore","Carnivore","Terrestrial","ground","1"
"Azure Kingfisher","Ceyx azureus","Sedentary","Aquatic predator","Carnivore","Insessorial","below-water","1"
"Little Heron","Butorides atricapilla","Sedentary","Aquatic predator","Carnivore","Terrestrial",NA,NA
"Yellow-throated Miner","Manorina flavigula","Sedentary","Invertivore","Carnivore","Insessorial","mid-high","1"
"European Goldfinch","Carduelis carduelis","Sedentary","Granivore","Herbivore","Insessorial","understory","1;2;3"
"Black Kite","Milvus migrans","Migratory","Omnivore","Omnivore","Aerial","ground","1;2;3;4"
"Rose Robin","Petroica rosea","Migratory","Invertivore","Carnivore","Insessorial","mid-high","2;3"
"Eastern Shrike-tit","Falcunculus frontatus","Sedentary","Invertivore","Carnivore","Insessorial","mid-high","1"
"Sahul Cicadabird","Edolisoma tenuirostre","Sedentary","Invertivore","Carnivore","Insessorial",NA,"1;2"
"Buff-banded Rail","Gallirallus philippensis","Sedentary","Omnivore","Omnivore","Terrestrial","ground",NA
"Yellow-billed Spoonbill","Platalea flavipes","Partial migrant","Aquatic predator","Carnivore","Terrestrial","around-water","1;3"
"Mallard","Anas platyrhynchos","Partial migrant","Herbivore aquatic","Herbivore","Aquatic","around-water","1;2;3;4;5"
"Singing Honeyeater","Gavicalis virescens","Sedentary","Invertivore","Omnivore","Insessorial","understory","1"
"Little Lorikeet","Psitteuteles pusillus","Sedentary","Omnivore","Herbivore","Insessorial","mid-high",NA
"Brown Falcon","Falco berigora","Sedentary","Vertivore","Carnivore","Generalist","ground","1"
"Zebra Finch","Taeniopygia guttata","Partial migrant","Granivore","Herbivore","Terrestrial","canopy","1"
"Red-capped Plover","Anarhynchus ruficapillus","Partial migrant","Aquatic predator","Carnivore","Terrestrial","ground",NA
"Australian Ringneck","Barnardius zonarius","Sedentary","Omnivore","Herbivore","Insessorial","mid-high","1"
"White-winged Triller","Lalage tricolor","Sedentary","Invertivore","Carnivore","Insessorial","ground","1;2"
"Latham's Snipe","Gallinago hardwickii","Migratory","Aquatic predator","Carnivore","Terrestrial","ground","2;3;4"
"Red-necked Stint","Calidris ruficollis","Migratory","Aquatic predator","Carnivore","Terrestrial","around-water","2;3;4"
"White-throated Needletail","Hirundapus caudacutus","Migratory","Invertivore","Carnivore","Aerial","aerial","1;2;3;4"
"Sharp-tailed Sandpiper","Calidris acuminata","Migratory","Aquatic predator","Carnivore","Terrestrial","ground","2;3;4"
"Brahminy Kite","Haliastur indus","Sedentary","Omnivore","Carnivore","Generalist","ground","1"
"Varied Sittella","Daphoenositta chrysoptera","Sedentary","Invertivore","Carnivore","Insessorial","canopy","1"
"Little Tern","Sternula albifrons","Migratory","Aquatic predator","Carnivore","Aerial","pelagic","1;2;3;4"
"Australian Hobby","Falco longipennis","Partial migrant","Vertivore","Carnivore","Aerial","understory","1;3"
"Fuscous Honeyeater","Ptilotula fusca","Sedentary","Invertivore","Omnivore","Insessorial","mid-high","1"
"Red-capped Robin","Petroica goodenovii","Sedentary","Invertivore","Carnivore","Insessorial","ground","1"
"Musk Duck","Biziura lobata","Partial migrant","Aquatic predator","Carnivore","Aquatic","below-water","1;5"
"Gray-crowned Babbler","Pomatostomus temporalis","Sedentary","Invertivore","Carnivore","Generalist","ground","1"
"Pacific Golden-Plover","Pluvialis fulva","Migratory","Omnivore","Carnivore","Terrestrial","ground","2;3;4"
"Pheasant Coucal","Centropus phasianinus","Sedentary","Invertivore","Carnivore","Terrestrial","ground","1"
"Sahul Brush Cuckoo","Cacomantis variolosus","Sedentary","Invertivore","Carnivore","Insessorial","understory","1;3"
"Horsfield's Bronze-Cuckoo","Chalcites basalis","Sedentary","Invertivore","Carnivore","Generalist","mid-high","1;3"
"Yellow-tufted Honeyeater","Lichenostomus melanops","Partial migrant","Omnivore","Omnivore","Insessorial","understory","1"
"Nankeen Night Heron","Nycticorax caledonicus","Partial migrant","Aquatic predator","Carnivore","Terrestrial","around-water","1"
"Australian Owlet-nightjar","Aegotheles cristatus","Sedentary","Invertivore","Carnivore","Insessorial","ground","1"
"Red-backed Fairywren","Malurus melanocephalus","Sedentary","Invertivore","Carnivore","Terrestrial","ground","1"
"Gray Goshawk","Tachyspiza novaehollandiae","Sedentary","Vertivore","Carnivore","Insessorial",NA,"1"
"Peregrine Falcon","Falco peregrinus","Partial migrant","Vertivore","Carnivore","Aerial","ground","1;2;3;4"
"Speckled Warbler","Pyrrholaemus sagittatus","Sedentary","Invertivore","Carnivore","Terrestrial","ground","1"
"Purple-backed Fairywren","Malurus assimilis","Sedentary","Invertivore","Carnivore","Insessorial",NA,"1"
"Varied Triller","Lalage leucomela","Sedentary","Invertivore","Carnivore","Insessorial","canopy","1"
"Australian Logrunner","Orthonyx temminckii","Sedentary","Invertivore","Carnivore","Terrestrial","ground","1"
"Gang-gang Cockatoo","Callocephalon fimbriatum","Partial migrant","Omnivore","Herbivore","Insessorial","understory","1"
"Red-kneed Dotterel","Erythrogonys cinctus","Partial migrant","Aquatic predator","Carnivore","Terrestrial","around-water","1"
"Great Crested Grebe","Podiceps cristatus","Sedentary","Aquatic predator","Carnivore","Aquatic","below-water","1;2;3;4"
"Regent Bowerbird","Sericulus chrysocephalus","Sedentary","Frugivore","Herbivore","Insessorial","mid-high","1"
"Eurasian Whimbrel","Numenius phaeopus","Migratory","Omnivore","Carnivore","Terrestrial","ground","2;3;4;5"
"Western Gerygone","Gerygone fusca","Sedentary","Invertivore","Carnivore","Insessorial","understory","1;3"
"Cockatiel","Nymphicus hollandicus","Partial migrant","Granivore","Herbivore","Terrestrial","ground","1"
"Collared Sparrowhawk","Tachyspiza cirrocephala","Partial migrant","Vertivore","Carnivore","Generalist","mid-high",NA
"Ruddy Turnstone","Arenaria interpres","Migratory","Aquatic predator","Carnivore","Terrestrial","ground","2;3;4"
"Bassian Thrush","Zoothera lunulata","Sedentary","Invertivore","Carnivore","Terrestrial","ground","1"
"Scarlet Robin","Petroica boodang","Sedentary","Invertivore","Carnivore","Insessorial","mid-high","1;2;3"
"Australian Boobook","Ninox boobook","Partial migrant","Invertivore","Carnivore","Insessorial","mid-high","1"
"Emu","Dromaius novaehollandiae","Sedentary","Omnivore","Herbivore","Terrestrial","understory","1;3"
"White-bellied Cuckooshrike","Coracina papuensis","Sedentary","Invertivore","Carnivore","Insessorial","mid-high","1"
"Forest Raven","Corvus tasmanicus","Sedentary","Omnivore","Omnivore","Generalist","ground","1"
"White-browed Woodswallow","Artamus superciliosus","Migratory","Invertivore","Carnivore","Aerial","understory","1"
"Australian Shelduck","Tadorna tadornoides","Partial migrant","Omnivore","Omnivore","Terrestrial","around-water","1"
"White-winged Fairywren","Malurus leucopterus","Sedentary","Invertivore","Carnivore","Insessorial","understory","1"
"Chestnut-rumped Thornbill","Acanthiza uropygialis","Sedentary","Invertivore","Carnivore","Insessorial","understory","1"
"Common Tern","Sterna hirundo","Migratory","Aquatic predator","Carnivore","Aerial","below-water","1;2;3;4"
"White-browed Babbler","Pomatostomus superciliosus","Sedentary","Invertivore","Carnivore","Generalist","ground","1"
"Magpie Goose","Anseranas semipalmata","Partial migrant","Omnivore","Herbivore","Terrestrial","ground","1;3"
"Southern Emuwren","Stipiturus malachurus","Sedentary","Invertivore","Carnivore","Generalist","ground","1"
"Red-necked Avocet","Recurvirostra novaehollandiae","Partial migrant","Aquatic predator","Carnivore","Terrestrial","around-water","1;5"
"Diamond Firetail","Stagonopleura guttata","Sedentary","Granivore","Herbivore","Terrestrial","ground","1"
"Greater Bluebonnet","Northiella haematogaster","Partial migrant","Omnivore","Herbivore","Insessorial","understory","1"
"Noisy Pitta","Pitta versicolor","Sedentary","Invertivore","Carnivore","Terrestrial","ground","1;2;3"
"Powerful Owl","Ninox strenua","Partial migrant","Vertivore","Carnivore","Insessorial","mid-high","1"
"Australian Tern","Gelochelidon macrotarsa","Migratory","Omnivore","Carnivore","Aerial",NA,"1;3"
"Superb Parrot","Polytelis swainsonii","Partial migrant","Omnivore","Herbivore","Insessorial","understory","1;3"
"Australian Spectacled Monarch","Symposiachrus trivirgatus","Sedentary","Invertivore","Carnivore","Insessorial",NA,"1;2;3"
"Wompoo Fruit-Dove","Megaloprepia magnifica","Sedentary","Frugivore","Herbivore","Insessorial","understory","1"
"Pacific Emerald Dove","Chalcophaps longirostris","Sedentary","Omnivore","Herbivore","Generalist",NA,"1"
"Inland Thornbill","Acanthiza apicalis","Sedentary","Invertivore","Carnivore","Insessorial","ground","1"
"Blue-billed Duck","Oxyura australis","Partial migrant","Herbivore aquatic","Omnivore","Aquatic","below-water","1;3"
"Glossy Black-Cockatoo","Calyptorhynchus lathami","Sedentary","Granivore","Herbivore","Insessorial","mid-high","1"
"Mangrove Gerygone","Gerygone levigaster","Sedentary","Invertivore","Carnivore","Insessorial","canopy","1"
"Gray-tailed Tattler","Tringa brevipes","Migratory","Aquatic predator","Carnivore","Terrestrial",NA,"2;3;4"
"Southern Whiteface","Aphelocephala leucopsis","Sedentary","Invertivore","Carnivore","Terrestrial","ground","1"
"Chestnut-breasted Munia","Lonchura castaneothorax","Sedentary","Granivore","Herbivore","Generalist","ground","1"
"Wedge-tailed Shearwater","Ardenna pacifica","Migratory","Aquatic predator","Carnivore","Generalist","pelagic","1;2"
"Little Shrikethrush","Colluricincla megarhyncha","Sedentary","Invertivore","Carnivore","Insessorial","understory","1"
"Red-browed Treecreeper","Climacteris erythrops","Sedentary","Invertivore","Carnivore","Insessorial","mid-high","1"
"Brown Songlark","Cincloramphus cruralis","Migratory","Invertivore","Carnivore","Terrestrial","ground","1;2;3"
"Little Eagle","Hieraaetus morphnoides","Sedentary","Vertivore","Carnivore","Generalist","ground","1"
"Pallid Cuckoo","Heteroscenes pallidus","Sedentary","Invertivore","Carnivore","Insessorial","mid-high","1;2;3"
"Pacific Reef-Heron","Egretta sacra","Partial migrant","Aquatic predator","Carnivore","Terrestrial","pelagic","1"
"Rose-crowned Fruit-Dove","Ptilinopus regina","Sedentary","Frugivore","Herbivore","Insessorial","canopy","1"
"Glossy Ibis","Plegadis falcinellus","Partial migrant","Aquatic predator","Carnivore","Terrestrial","around-water","1;2;3;4;5"
"White-fronted Chat","Epthianura albifrons","Sedentary","Invertivore","Carnivore","Generalist","ground","1"
"Square-tailed Kite","Lophoictinia isura","Sedentary","Vertivore","Carnivore","Aerial","understory","1;3"
"Double-banded Plover","Anarhynchus bicinctus","Partial migrant","Aquatic predator","Carnivore","Terrestrial","ground",NA
"Masked Woodswallow","Artamus personatus","Sedentary","Invertivore","Carnivore","Aerial","understory","1;2"
"Crested Bellbird","Oreoica gutturalis","Sedentary","Invertivore","Carnivore","Terrestrial","ground","1"
"Kelp Gull","Larus dominicanus","Sedentary","Omnivore","Carnivore","Generalist","pelagic","1;3"
"Spotless Crake","Zapornia tabuensis","Sedentary","Omnivore","Omnivore","Terrestrial","ground","1"
"Plumed Whistling-Duck","Dendrocygna eytoni","Partial migrant","Herbivore terrestrial","Herbivore","Terrestrial","ground","1"
"Rockwarbler","Origma solitaria","Sedentary","Invertivore","Carnivore","Generalist","ground","1"
"Red-winged Parrot","Aprosmictus erythropterus","Sedentary","Omnivore","Herbivore","Insessorial","understory","1"
"Budgerigar","Melopsittacus undulatus","Partial migrant","Granivore","Herbivore","Generalist","ground","1"
"Pacific Baza","Aviceda subcristata","Sedentary","Omnivore","Carnivore","Insessorial","canopy","1"
"Curlew Sandpiper","Calidris ferruginea","Migratory","Aquatic predator","Carnivore","Terrestrial","around-water","2;3;4"
"Flame Robin","Petroica phoenicea","Migratory","Invertivore","Carnivore","Insessorial","ground","1;3"
"Stubble Quail","Coturnix pectoralis","Sedentary","Granivore","Herbivore","Terrestrial","ground","1;3"
"Hooded Robin","Melanodryas cucullata","Sedentary","Invertivore","Carnivore","Insessorial","ground","1"
"Australian Crake","Porzana fluminea","Partial migrant","Aquatic predator","Carnivore","Terrestrial","around-water","1"
"Pale-yellow Robin","Eopsaltria capito","Sedentary","Invertivore","Carnivore","Insessorial","ground","1"
"Splendid Fairywren","Malurus splendens","Sedentary","Invertivore","Carnivore","Terrestrial","ground","1"
"Whiskered Tern","Chlidonias hybrida","Migratory","Aquatic predator","Carnivore","Aerial","around-water","1;2;3"
"Lewin's Rail","Lewinia pectoralis","Sedentary","Aquatic predator","Carnivore","Terrestrial","around-water","1"
"Mulga Parrot","Psephotellus varius","Sedentary","Granivore","Herbivore","Generalist","understory","1"
"Red Knot","Calidris canutus","Migratory","Aquatic predator","Carnivore","Terrestrial","ground","2;3;4"
"Wandering Whistling-Duck","Dendrocygna arcuata","Partial migrant","Herbivore aquatic","Herbivore","Aquatic","below-water","1"
"Baillon's Crake","Zapornia pusilla","Migratory","Aquatic predator","Carnivore","Terrestrial","around-water","1;2;3;4"
"Black-tailed Nativehen","Tribonyx ventralis","Partial migrant","Omnivore","Herbivore","Terrestrial",NA,"1"
"Comb-crested Jacana","Irediparra gallinacea","Sedentary","Aquatic predator","Omnivore","Terrestrial","around-water","1"
"Muscovy Duck","Cairina moschata","Sedentary","Omnivore","Omnivore","Generalist","around-water","1"
"Eastern Bristlebird","Dasyornis brachypterus","Sedentary","Omnivore","Omnivore","Insessorial","ground","1"
"Freckled Duck","Stictonetta naevosa","Partial migrant","Herbivore aquatic","Herbivore","Generalist","around-water","1"
"Eurasian Skylark","Alauda arvensis","Partial migrant","Omnivore","Omnivore","Terrestrial","ground","1;2;3;4"
"Beautiful Firetail","Stagonopleura bella","Sedentary","Granivore","Herbivore","Generalist","ground","1"
"Spotted Bowerbird","Chlamydera maculata","Sedentary","Omnivore","Herbivore","Insessorial","ground","1"
"Black-faced Woodswallow","Artamus cinereus","Sedentary","Invertivore","Carnivore","Aerial","aerial","1"
"Pilotbird","Pycnoptilus floccosus","Sedentary","Invertivore","Carnivore","Terrestrial","ground","1"
"Tawny-crowned Honeyeater","Gliciphila melanops","Sedentary","Nectarivore","Omnivore","Insessorial","understory","1"
"Turquoise Parrot","Neophema pulchella","Sedentary","Omnivore","Herbivore","Insessorial","understory","1"
"Little Crow","Corvus bennetti","Sedentary","Omnivore","Omnivore","Generalist","ground","1"
"Black-browed Albatross","Thalassarche melanophris","Partial migrant","Aquatic predator","Carnivore","Aquatic","pelagic","1;2"
"Forest Kingfisher","Todiramphus macleayii","Migratory","Invertivore","Carnivore","Insessorial","ground","1;2;3"
"Russet-tailed Thrush","Zoothera heinei","Sedentary","Invertivore","Carnivore","Terrestrial","ground","1"
"Black-necked Stork","Ephippiorhynchus asiaticus","Sedentary","Aquatic predator","Carnivore","Terrestrial","around-water","1"
"Chestnut-rumped Heathwren","Hylacola pyrrhopygia","Sedentary","Invertivore","Carnivore","Terrestrial","ground","1"
"Sanderling","Calidris alba","Migratory","Aquatic predator","Carnivore","Terrestrial","ground","2;3;4"
"White-fronted Honeyeater","Purnella albifrons","Sedentary","Nectarivore","Herbivore","Insessorial","understory","1;3"
"Short-tailed Shearwater","Ardenna tenuirostris","Migratory","Aquatic predator","Carnivore","Generalist","pelagic","1;2"
"Diamond Dove","Geopelia cuneata","Sedentary","Granivore","Herbivore","Terrestrial","ground","1"
"Plum-headed Finch","Emblema modestum","Sedentary","Granivore","Herbivore","Terrestrial","ground","1"
"Crimson Chat","Epthianura tricolor","Sedentary","Invertivore","Carnivore","Generalist","ground","1;3"
"Painted Buttonquail","Turnix varius","Sedentary","Omnivore","Herbivore","Terrestrial","ground","1"
"Beach Thick-knee","Esacus magnirostris","Partial migrant","Invertivore","Carnivore","Terrestrial","ground","1"
"Spotted Harrier","Circus assimilis","Partial migrant","Vertivore","Carnivore","Aerial","ground","1"
"Gray Currawong","Strepera versicolor","Sedentary","Omnivore","Carnivore","Terrestrial","ground","1"
"White-backed Swallow","Cheramoeca leucosterna","Sedentary","Invertivore","Carnivore","Aerial","aerial","1"
"Pink Cockatoo","Cacatua leadbeateri","Sedentary","Granivore","Herbivore","Insessorial","canopy","1"
"Paradise Riflebird","Ptiloris paradiseus","Sedentary","Frugivore","Omnivore","Insessorial","mid-high",NA
"Graylag Goose","Anser anser","Migratory","Herbivore terrestrial","Herbivore","Terrestrial","ground","1;2;3"
"Chirruping Wedgebill","Psophodes cristatus","Sedentary","Omnivore","Omnivore","Terrestrial","ground","1"
"Spotted Quail-thrush","Cinclosoma punctatum","Sedentary","Invertivore","Carnivore","Terrestrial","ground","1"
"Banded Lapwing","Vanellus tricolor","Sedentary","Omnivore","Omnivore","Terrestrial","ground","1"
"Crescent Honeyeater","Phylidonyris pyrrhopterus","Sedentary","Omnivore","Herbivore","Insessorial","understory","1"
"Singing Bushlark","Mirafra javanica","Sedentary","Omnivore","Omnivore","Terrestrial","ground","1;3"
"Red-backed Kingfisher","Todiramphus pyrrhopygius","Sedentary","Invertivore","Carnivore","Insessorial","ground","1"
"Wandering Tattler","Tringa incana","Migratory","Aquatic predator","Carnivore","Terrestrial","around-water","2;3;4"
"Eastern Barn Owl","Tyto javanica","Sedentary","Vertivore","Carnivore","Insessorial",NA,NA
"Black-chinned Honeyeater","Melithreptus gularis","Sedentary","Omnivore","Omnivore","Insessorial","canopy","1"
"Chestnut-crowned Babbler","Pomatostomus ruficeps","Partial migrant","Invertivore","Carnivore","Generalist","ground","1"
"White-throated Nightjar","Eurostopodus mystacalis","Sedentary","Invertivore","Carnivore","Aerial","aerial","1;2;3"
"Black-tailed Godwit","Limosa limosa","Migratory","Aquatic predator","Carnivore","Terrestrial","around-water","1;2;3;4"
"Pale-headed Rosella","Platycercus adscitus","Sedentary","Omnivore","Herbivore","Insessorial","understory","1"
"Common Greenshank","Tringa nebularia","Migratory","Aquatic predator","Carnivore","Terrestrial","around-water","2;3;4"
"Yellow-plumed Honeyeater","Ptilotula ornata","Sedentary","Omnivore","Omnivore","Insessorial","mid-high","1"
"Black Honeyeater","Sugomel nigrum","Migratory","Nectarivore","Omnivore","Insessorial","understory","1"
"Swift Parrot","Lathamus discolor","Migratory","Nectarivore","Herbivore","Insessorial","mid-high","1;3"
"White-fronted Tern","Sterna striata","Partial migrant","Aquatic predator","Carnivore","Aerial","pelagic","1;3;4"
"Greater Sand-Plover","Anarhynchus leschenaultii","Migratory","Aquatic predator","Carnivore","Terrestrial",NA,"2;3;4"
"White-throated Honeyeater","Melithreptus albogularis","Sedentary","Invertivore","Carnivore","Insessorial","canopy","1"
"Marsh Sandpiper","Tringa stagnatilis","Migratory","Aquatic predator","Carnivore","Terrestrial","around-water","2;3;4"
"Hooded Plover","Thinornis cucullatus","Partial migrant","Aquatic predator","Carnivore","Terrestrial","ground","1"
"Brush Bronzewing","Phaps elegans","Sedentary","Granivore","Herbivore","Terrestrial","ground","1"
"Brolga","Antigone rubicunda","Partial migrant","Omnivore","Herbivore","Terrestrial","around-water",NA
"Orange Chat","Epthianura aurifrons","Sedentary","Invertivore","Carnivore","Generalist","ground","1"
"Fluttering Shearwater","Puffinus gavia","Partial migrant","Aquatic predator","Carnivore","Generalist","pelagic","1;2"
"Ground Parrot","Pezoporus wallicus","Sedentary","Granivore","Herbivore","Generalist","ground","1"
"Satin Flycatcher","Myiagra cyanoleuca","Migratory","Invertivore","Carnivore","Insessorial","canopy","1;3"
"Pied Honeyeater","Certhionyx variegatus","Partial migrant","Nectarivore","Herbivore","Insessorial","understory","1"
"Black Falcon","Falco subniger","Partial migrant","Vertivore","Carnivore","Generalist","ground","1"
"Painted Honeyeater","Grantiella picta","Migratory","Omnivore","Herbivore","Insessorial","understory","1;3"
"Pacific Swift","Apus pacificus","Partial migrant","Invertivore","Carnivore","Aerial","aerial","1;2;3;4"
"White-capped Albatross","Thalassarche cauta","Migratory","Aquatic predator","Carnivore","Aquatic","pelagic","1;2"
"Black-eared Cuckoo","Chalcites osculans","Sedentary","Invertivore","Carnivore","Insessorial","ground","1;3"
"White-eared Monarch","Carterornis leucotis","Sedentary","Invertivore","Carnivore","Insessorial","canopy","1"
"Bush Thick-knee","Burhinus grallarius","Migratory","Invertivore","Carnivore","Terrestrial","ground","1"
"Lord Howe Rail","Gallirallus sylvestris","Sedentary","Invertivore","Carnivore","Terrestrial","ground",NA
"Sooty Owl","Tyto tenebricosa","Sedentary","Vertivore","Carnivore","Generalist","mid-high","1"
"Siberian Sand-Plover","Anarhynchus mongolus","Migratory","Aquatic predator","Carnivore","Terrestrial",NA,"2;3;4"
"Great Knot","Calidris tenuirostris","Migratory","Aquatic predator","Carnivore","Terrestrial","ground","2;3;4"
"Wood Sandpiper","Tringa glareola","Migratory","Aquatic predator","Carnivore","Terrestrial","around-water","2;3;4"
"Red-tailed Black-Cockatoo","Calyptorhynchus banksii","Sedentary","Granivore","Herbivore","Insessorial","ground","1"
"Sooty Tern","Onychoprion fuscatus","Partial migrant","Aquatic predator","Carnivore","Aerial","pelagic","1;2;3;4"
"Rufous Scrub-bird","Atrichornis rufescens","Sedentary","Invertivore","Carnivore","Terrestrial","ground","1"
"Parasitic Jaeger","Stercorarius parasiticus","Migratory","Aquatic predator","Carnivore","Aerial","ground","2;3"
"Australian Masked-Owl","Tyto novaehollandiae","Sedentary","Vertivore","Carnivore","Insessorial","ground","1"
"Indian Peafowl","Pavo cristatus","Sedentary","Omnivore","Omnivore","Terrestrial","ground","1"
"Gilbert's Whistler","Pachycephala inornata","Sedentary","Invertivore","Carnivore","Insessorial","understory","1"
"Regent Honeyeater","Anthochaera phrygia","Partial migrant","Omnivore","Herbivore","Insessorial","canopy","2;3"
"Scaly-breasted Munia","Lonchura punctulata","Sedentary","Granivore","Herbivore","Generalist","ground","1"
"Olive Whistler","Pachycephala olivacea","Sedentary","Invertivore","Carnivore","Insessorial","ground","1"
"Redthroat","Pyrrholaemus brunneus","Sedentary","Invertivore","Omnivore","Insessorial","ground","1"
"Bourke's Parrot","Neopsephotus bourkii","Sedentary","Granivore","Herbivore","Terrestrial","ground","1"
"Chestnut Quail-thrush","Cinclosoma castanotum","Sedentary","Invertivore","Carnivore","Terrestrial","ground","1"
"Australasian Bittern","Botaurus poiciloptilus","Partial migrant","Omnivore","Carnivore","Terrestrial","around-water","1"
"Black-backed Bittern","Botaurus dubius","Migratory","Aquatic predator","Carnivore","Terrestrial",NA,"1;3"
"Shy Heathwren","Hylacola cauta","Sedentary","Invertivore","Carnivore","Terrestrial","ground","1"
"Brown Noddy","Anous stolidus","Partial migrant","Aquatic predator","Carnivore","Aerial","pelagic","1;3"
"Albert's Lyrebird","Menura alberti","Sedentary","Invertivore","Carnivore","Terrestrial","ground","1"
"Blue-breasted Quail","Synoicus chinensis","Sedentary","Omnivore","Herbivore","Terrestrial",NA,"1"
"Australian Pratincole","Glareola isabella","Partial migrant","Invertivore","Carnivore","Terrestrial","aerial","1;2;3"
"Southern Scrub-Robin","Drymodes brunneopygia","Sedentary","Invertivore","Carnivore","Generalist","ground","1"
"Pale-vented Bush-hen","Amaurornis moluccana","Sedentary","Omnivore","Carnivore","Terrestrial","ground","1"
"Barking Owl","Ninox connivens","Sedentary","Vertivore","Carnivore","Insessorial","ground","1"
"Common Sandpiper","Actitis hypoleucos","Migratory","Aquatic predator","Carnivore","Terrestrial","around-water","2;3;4"
"White-browed Treecreeper","Climacteris affinis","Sedentary","Invertivore","Carnivore","Insessorial","mid-high","1"
"Pomarine Jaeger","Stercorarius pomarinus","Migratory","Aquatic predator","Carnivore","Aerial","pelagic","2;3;4"
"Black Bittern","Botaurus flavicollis","Sedentary","Aquatic predator","Carnivore","Terrestrial","around-water","1;2;3"
"Black-bellied Plover","Pluvialis squatarola","Migratory","Aquatic predator","Carnivore","Terrestrial","ground","2;3;4"
"Australian Painted-Snipe","Rostratula australis","Partial migrant","Aquatic predator","Omnivore","Terrestrial","around-water","1"
"White-winged Tern","Chlidonias leucopterus","Migratory","Aquatic predator","Carnivore","Aerial","around-water","2;3;4"
"Gray-fronted Honeyeater","Ptilotula plumula","Sedentary","Omnivore","Herbivore","Insessorial",NA,"1"
"Terek Sandpiper","Xenus cinereus","Migratory","Aquatic predator","Carnivore","Terrestrial","around-water","2;3;4"
"Little Buttonquail","Turnix velox","Sedentary","Granivore","Herbivore","Terrestrial","ground","1"
"Pectoral Sandpiper","Calidris melanotos","Migratory","Aquatic predator","Carnivore","Terrestrial","ground","2;3;4"
"Torresian Kingfisher","Todiramphus sordidus","Sedentary","Invertivore","Carnivore","Insessorial",NA,NA
"Helmeted Guineafowl","Numida meleagris","Sedentary","Omnivore","Herbivore","Terrestrial","ground","1"
"Blue-billed White-Tern","Gygis candida","Partial migrant","Aquatic predator","Carnivore","Aerial",NA,"1;2;3"
"Pacific Gull","Larus pacificus","Partial migrant","Aquatic predator","Carnivore","Generalist","pelagic","1"
"Australian Fairy Tern","Sternula nereis","Partial migrant","Aquatic predator","Carnivore","Aerial",NA,"1;2;3"
"Black Noddy","Anous minutus","Partial migrant","Aquatic predator","Carnivore","Aerial","pelagic","1;2;3"
"Aleutian Tern","Onychoprion aleuticus","Migratory","Aquatic predator","Carnivore","Aerial","pelagic","2;3"
"Flesh-footed Shearwater","Ardenna carneipes","Migratory","Aquatic predator","Carnivore","Aerial","pelagic","1;2"
"Little Bronze-Cuckoo","Chalcites minutillus","Sedentary","Invertivore","Carnivore","Insessorial","canopy","1;2"
"Red-tailed Tropicbird","Phaethon rubricauda","Migratory","Aquatic predator","Carnivore","Aerial","pelagic","2;3"
"Red Junglefowl","Gallus gallus","Sedentary","Omnivore","Herbivore","Terrestrial","ground","1;2;3"
"Masked Booby","Sula dactylatra","Partial migrant","Aquatic predator","Carnivore","Aerial","pelagic","1;2;4"
"Barred Cuckooshrike","Coracina lineata","Sedentary","Frugivore","Herbivore","Insessorial","canopy","1"
"Ground Cuckooshrike","Coracina maxima","Sedentary","Invertivore","Carnivore","Terrestrial","ground","1"
"Mangrove Honeyeater","Gavicalis fasciogularis","Sedentary","Omnivore","Omnivore","Insessorial","understory","1"
"Sooty Shearwater","Ardenna grisea","Migratory","Aquatic predator","Carnivore","Generalist","pelagic","1;2;3"
"Black-winged Petrel","Pterodroma nigripennis","Partial migrant","Aquatic predator","Carnivore","Generalist","pelagic","1;2"
"Indian Yellow-nosed Albatross","Thalassarche carteri","Migratory","Aquatic predator","Carnivore","Aquatic","pelagic","1;2"
"Regent Parrot","Polytelis anthopeplus","Partial migrant","Omnivore","Herbivore","Insessorial","understory","1"
"Spotted Nightjar","Eurostopodus argus","Sedentary","Invertivore","Carnivore","Aerial","understory","1;3"
"Chestnut-breasted Quail-thrush","Cinclosoma castaneothorax","Sedentary","Invertivore","Carnivore","Terrestrial","ground","1"
"Hudsonian Godwit","Limosa haemastica","Migratory","Aquatic predator","Carnivore","Terrestrial","around-water","2;3;4"
"Superb Fruit-Dove","Ptilinopus superbus","Sedentary","Frugivore","Herbivore","Insessorial","mid-high","1"
"Little Penguin","Eudyptula minor","Partial migrant","Aquatic predator","Carnivore","Aquatic","pelagic","1;2;3"
"Hutton's Shearwater","Puffinus huttoni","Partial migrant","Aquatic predator","Carnivore","Generalist","pelagic","1;2;4"
"Little Woodswallow","Artamus minor","Sedentary","Invertivore","Carnivore","Aerial","aerial","1"
"Red-browed Pardalote","Pardalotus rubricatus","Sedentary","Invertivore","Carnivore","Insessorial","canopy","1"
"Cinnamon Quail-thrush","Cinclosoma cinnamomeum","Sedentary","Invertivore","Carnivore","Terrestrial","ground","1"
"Australasian Grass-Owl","Tyto longimembris","Sedentary","Vertivore","Carnivore","Aerial","ground","1"
"Brown Skua","Stercorarius antarcticus","Migratory","Aquatic predator","Carnivore","Aerial","pelagic",NA
"Black-breasted Kite","Hamirostra melanosternon","Partial migrant","Vertivore","Carnivore","Aerial","ground","1"
"Black-faced Cormorant","Phalacrocorax fuscescens","Sedentary","Aquatic predator","Carnivore","Aquatic","pelagic","1"
"Marbled Frogmouth","Podargus ocellatus","Sedentary","Invertivore","Carnivore","Insessorial","ground","1"
"Gray Noddy","Anous albivitta","Partial migrant","Aquatic predator","Carnivore","Aerial",NA,NA
"European Greenfinch","Chloris chloris","Sedentary","Granivore","Herbivore","Generalist","ground","1;2;3"
"Flock Bronzewing","Phaps histrionica","Sedentary","Granivore","Herbivore","Terrestrial","ground","1"
"Inland Dotterel","Peltohyas australis","Partial migrant","Omnivore","Herbivore","Terrestrial","ground","1;5"
"Radjah Shelduck","Radjah radjah","Partial migrant","Aquatic predator","Carnivore","Terrestrial","ground","1"
"Gray-faced Petrel","Pterodroma gouldi","Partial migrant","Aquatic predator","Carnivore","Generalist",NA,"1;2"
"Rose-ringed Parakeet","Psittacula krameri","Sedentary","Omnivore","Herbivore","Insessorial","ground",NA
"South Island Oystercatcher","Haematopus finschi","Sedentary","Aquatic predator","Carnivore","Terrestrial","ground","2;3"
"Common Ostrich","Struthio camelus","Sedentary","Omnivore","Herbivore","Terrestrial","ground","1"
"Striated Fieldwren","Calamanthus fuliginosus","Sedentary","Invertivore","Carnivore","Terrestrial","ground","1"
"Eastern Yellow Wagtail","Motacilla tschutschensis","Migratory","Invertivore","Carnivore","Terrestrial",NA,"2;3;4"
"Rufous Fieldwren","Calamanthus campestris","Sedentary","Invertivore","Carnivore","Terrestrial","ground","1"
"Little Curlew","Numenius minutus","Migratory","Aquatic predator","Carnivore","Terrestrial","ground","2;3;4"
"Banded Stilt","Cladorhynchus leucocephalus","Sedentary","Aquatic predator","Carnivore","Terrestrial","around-water","1;5"
"Blue-winged Parrot","Neophema chrysostoma","Sedentary","Granivore","Herbivore","Terrestrial","ground","1;3"
"Buff-breasted Sandpiper","Calidris subruficollis","Migratory","Omnivore","Carnivore","Terrestrial","ground","2;3;4"
"Fairy Prion","Pachyptila turtur","Partial migrant","Aquatic predator","Carnivore","Generalist","pelagic","1;2"
"Asian Dowitcher","Limnodromus semipalmatus","Migratory","Aquatic predator","Carnivore","Terrestrial","around-water","2;3;4"
"Ruff","Calidris pugnax","Migratory","Aquatic predator","Carnivore","Terrestrial","ground","2;3"
"Gull-billed Tern","Gelochelidon nilotica","Migratory","Omnivore","Carnivore","Aerial","pelagic","1;2;3;4"
"Australian Bustard","Ardeotis australis","Sedentary","Omnivore","Omnivore","Terrestrial","ground","1"
"Dusky Myzomela","Myzomela obscura","Sedentary","Nectarivore","Herbivore","Insessorial","mid-high","1"
"Red-lored Whistler","Pachycephala rufogularis","Sedentary","Invertivore","Carnivore","Insessorial","ground","1"
"Red-backed Buttonquail","Turnix maculosus","Sedentary","Omnivore","Omnivore","Terrestrial","ground","1"
"Streaked Shearwater","Calonectris leucomelas","Migratory","Aquatic predator","Carnivore","Generalist","pelagic","1;2"
"Hall's Babbler","Pomatostomus halli","Sedentary","Invertivore","Carnivore","Generalist","ground","1"
"Song Thrush","Turdus philomelos","Migratory","Invertivore","Omnivore","Generalist","ground","1;2;3"
"Kentish Plover","Anarhynchus alexandrinus","Partial migrant","Aquatic predator","Carnivore","Terrestrial","ground",NA
"Red-chested Buttonquail","Turnix pyrrhothorax","Sedentary","Omnivore","Omnivore","Terrestrial","ground","1"
"Broad-billed Sandpiper","Calidris falcinellus","Migratory","Aquatic predator","Carnivore","Terrestrial","ground","2;3;4"
"Northern Giant-Petrel","Macronectes halli","Partial migrant","Omnivore","Omnivore","Generalist","pelagic","1"
"Paradise Shelduck","Tadorna variegata","Partial migrant","Omnivore","Herbivore","Terrestrial","ground","1"
"Oriental Cuckoo","Cuculus optatus","Migratory","Invertivore","Carnivore","Insessorial","mid-high","2;3;4"
"Providence Petrel","Pterodroma solandri","Partial migrant","Aquatic predator","Carnivore","Aerial","pelagic","2;3"
"Striated Grasswren","Amytornis striatus","Sedentary","Omnivore","Omnivore","Terrestrial","ground","1"
"Shining Flycatcher","Myiagra alecto","Sedentary","Invertivore","Carnivore","Insessorial","mid-high","1"
"Gibberbird","Ashbyia lovensis","Partial migrant","Invertivore","Carnivore","Terrestrial","ground","1;3"
"Long-tailed Jaeger","Stercorarius longicaudus","Migratory","Aquatic predator","Carnivore","Aerial","ground","2;3"
"Alexandrine Parakeet","Psittacula eupatria","Sedentary","Omnivore","Herbivore","Insessorial","understory",NA
"Eurasian Tree Sparrow","Passer montanus","Sedentary","Granivore","Omnivore","Terrestrial","ground","1;2;3"
"Cotton Pygmy-Goose","Nettapus coromandelianus","Sedentary","Herbivore aquatic","Herbivore","Aquatic","around-water","1;2"
"Buller's Albatross","Thalassarche bulleri","Partial migrant","Aquatic predator","Carnivore","Aquatic","pelagic","1;2"
"White-rumped Sandpiper","Calidris fuscicollis","Migratory","Aquatic predator","Carnivore","Terrestrial","ground","2;3;4"
"Purple-crowned Lorikeet","Psitteuteles porphyrocephalus","Sedentary","Nectarivore","Herbivore","Insessorial","mid-high","1"
"Brown Booby","Sula leucogaster","Partial migrant","Aquatic predator","Carnivore","Aerial","pelagic","1;2;3"
"Lesser Frigatebird","Fregata ariel","Migratory","Aquatic predator","Carnivore","Aerial","pelagic","1;2"
"Southern Giant-Petrel","Macronectes giganteus","Partial migrant","Omnivore","Omnivore","Generalist","pelagic","1;2"
"Slaty-backed Thornbill","Acanthiza robustirostris","Partial migrant","Invertivore","Carnivore","Insessorial","understory","1"
"Pink Robin","Petroica rodinogaster","Partial migrant","Invertivore","Carnivore","Insessorial","ground","1;2;3"
"Malleefowl","Leipoa ocellata","Sedentary","Omnivore","Herbivore","Terrestrial","ground","1"
"Buller's Shearwater","Ardenna bulleri","Migratory","Aquatic predator","Carnivore","Aquatic","pelagic","1;2"
"Banded Whiteface","Aphelocephala nigricincta","Sedentary","Invertivore","Carnivore","Terrestrial","ground","1"
"Gray-headed Lapwing","Vanellus cinereus","Migratory","Aquatic predator","Carnivore","Terrestrial","ground","1;2;3;4"
"Long-toed Stint","Calidris subminuta","Migratory","Aquatic predator","Carnivore","Terrestrial","around-water","2;3;4"
"Eyrean Grasswren","Amytornis goyderi","Sedentary","Granivore","Omnivore","Terrestrial","ground","1"
"Little Shearwater","Puffinus assimilis","Partial migrant","Aquatic predator","Carnivore","Generalist","pelagic","1;2"
"Semipalmated Plover","Charadrius semipalmatus","Migratory","Aquatic predator","Carnivore","Terrestrial","ground","2;3;4"
"Citrine Wagtail","Motacilla citreola","Migratory","Aquatic predator","Carnivore","Terrestrial","ground","1;2;3;4"
"Gray Falcon","Falco hypoleucos","Partial migrant","Vertivore","Carnivore","Aerial","ground","1"
"Gray Grasswren","Amytornis barbatus","Sedentary","Omnivore","Omnivore","Generalist","ground","1"
"Barn Swallow","Hirundo rustica","Migratory","Invertivore","Carnivore","Aerial","mid-high","1;2;3;4"
"Little Stint","Calidris minuta","Migratory","Aquatic predator","Carnivore","Terrestrial","around-water","2;3;4"
"Oriental Plover","Anarhynchus veredus","Migratory","Omnivore","Carnivore","Terrestrial","ground",NA
"Red-necked Phalarope","Phalaropus lobatus","Migratory","Aquatic predator","Carnivore","Terrestrial","around-water","2;3;4"
"Letter-winged Kite","Elanus scriptus","Partial migrant","Vertivore","Carnivore","Aerial","ground","1;3"
"White-necked Petrel","Pterodroma cervicalis","Partial migrant","Aquatic predator","Carnivore","Generalist","pelagic","1;2"
"Oriental Pratincole","Glareola maldivarum","Migratory","Invertivore","Carnivore","Aerial","ground","1;2;3;4"
"Torresian Imperial-Pigeon","Ducula spilorrhoa","Sedentary","Frugivore","Herbivore","Insessorial","mid-high","1"
"Wilson's Storm-Petrel","Oceanites oceanicus","Migratory","Aquatic predator","Carnivore","Aerial","pelagic","2;3;4"
"Gould's Petrel","Pterodroma leucoptera","Partial migrant","Aquatic predator","Carnivore","Generalist","pelagic","1;2"
"White-chinned Petrel","Procellaria aequinoctialis","Migratory","Aquatic predator","Carnivore","Aquatic","pelagic","1;2"
"Squatter Pigeon","Geophaps scripta","Partial migrant","Granivore","Herbivore","Terrestrial","ground","1"
"Antipodean Albatross","Diomedea antipodensis","Partial migrant","Aquatic predator","Carnivore","Aquatic","pelagic","1;2"
"Lesser Yellowlegs","Tringa flavipes","Migratory","Aquatic predator","Carnivore","Terrestrial","around-water","2;3;4"
"Common Diving-Petrel","Pelecanoides urinatrix","Partial migrant","Aquatic predator","Carnivore","Aquatic","pelagic","1;2"
"Papuan Eclectus","Eclectus polychloros","Sedentary","Omnivore","Herbivore","Insessorial",NA,"1"
"Thick-billed Grasswren","Amytornis modestus","Sedentary","Omnivore","Omnivore","Generalist","ground","1"
"Arctic Tern","Sterna paradisaea","Migratory","Aquatic predator","Carnivore","Aerial","around-water","2;3;4"
"Kermadec Petrel","Pterodroma neglecta","Partial migrant","Aquatic predator","Carnivore","Generalist","pelagic","1;2"
"Great Frigatebird","Fregata minor","Migratory","Aquatic predator","Carnivore","Aerial","pelagic","2;3"
"Princess Parrot","Polytelis alexandrae","Partial migrant","Granivore","Herbivore","Insessorial","understory","1"
"Rosy-faced Lovebird","Agapornis roseicollis","Sedentary","Granivore","Herbivore","Terrestrial","ground","1"
"White-faced Storm-Petrel","Pelagodroma marina","Migratory","Aquatic predator","Carnivore","Aerial","pelagic","1;2"
"African Collared-Dove","Streptopelia roseogrisea","Sedentary","Granivore","Herbivore","Terrestrial","ground","1;2"
"Blue-and-yellow Macaw","Ara ararauna","Sedentary","Omnivore","Herbivore","Insessorial","mid-high","1"
"Roseate Tern","Sterna dougallii","Migratory","Aquatic predator","Carnivore","Aerial","pelagic","1;2;3"
"Mandarin Duck","Aix galericulata","Migratory","Herbivore aquatic","Herbivore","Generalist","around-water","1;2;3"
"Northern Shoveler","Spatula clypeata","Migratory","Aquatic predator","Omnivore","Aquatic","around-water","1;2;3;4;5"
"White-bellied Storm-Petrel","Fregetta grallaria","Migratory","Aquatic predator","Carnivore","Aerial","pelagic","1;2"
"Red-and-green Macaw","Ara chloropterus","Sedentary","Omnivore","Herbivore","Insessorial","mid-high","1"
"Snowy Albatross","Diomedea exulans","Partial migrant","Aquatic predator","Carnivore","Aquatic","pelagic","1;2"
"White-headed Petrel","Pterodroma lessonii","Partial migrant","Aquatic predator","Carnivore","Generalist","pelagic","1;2"
"Canada Goose","Branta canadensis","Migratory","Herbivore terrestrial","Herbivore","Terrestrial","ground","1;2;3;4"
"Cape Barren Goose","Cereopsis novaehollandiae","Partial migrant","Herbivore terrestrial","Herbivore","Terrestrial","ground","1"
"Common Redshank","Tringa totanus","Migratory","Aquatic predator","Carnivore","Terrestrial","around-water","1;2;3;4"
"Great Bowerbird","Chlamydera nuchalis","Sedentary","Omnivore","Herbivore","Insessorial","understory","1"
"Little Ringed Plover","Thinornis dubius","Migratory","Aquatic predator","Carnivore","Terrestrial","ground",NA
"Painted Firetail","Emblema pictum","Sedentary","Granivore","Herbivore","Generalist","ground","1"
"Pied Heron","Egretta picata","Sedentary","Aquatic predator","Carnivore","Terrestrial","around-water","2;3;4"
"Red-footed Booby","Sula sula","Partial migrant","Aquatic predator","Carnivore","Aerial","pelagic","1;2;4"
"White-tailed Tropicbird","Phaethon lepturus","Migratory","Aquatic predator","Carnivore","Aerial","pelagic","2;3;4"
"American Golden-Plover","Pluvialis dominica","Migratory","Invertivore","Carnivore","Terrestrial","ground","2;3;4"
"Bulwer's Petrel","Bulweria bulwerii","Partial migrant","Aquatic predator","Carnivore","Aquatic","pelagic","1;2"
"Gouldian Finch","Chloebia gouldiae","Sedentary","Granivore","Herbivore","Generalist","understory","1"
"Mute Swan","Cygnus olor","Migratory","Herbivore aquatic","Herbivore","Aquatic","around-water","1;2;3"
"Northern Pintail","Anas acuta","Migratory","Herbivore aquatic","Herbivore","Aquatic","around-water","2;3;4"
"Pintado Petrel","Daption capense","Partial migrant","Aquatic predator","Carnivore","Generalist","pelagic","1;2"
"Southern Fulmar","Fulmarus glacialoides","Migratory","Aquatic predator","Carnivore","Aquatic","pelagic","1;2"
"White Wagtail","Motacilla alba","Migratory","Invertivore","Carnivore","Terrestrial","ground","1;2;3"
"Black-fronted Tern","Chlidonias albostriatus","Partial migrant","Aquatic predator","Carnivore","Aerial","below-water","1;3;4"
"Black-headed Parrot","Pionites melanocephalus","Sedentary","Granivore","Herbivore","Insessorial","understory","1"
"Bridled Tern","Onychoprion anaethetus","Partial migrant","Aquatic predator","Carnivore","Aerial","pelagic","2;3"
"California Quail","Callipepla californica","Sedentary","Omnivore","Herbivore","Terrestrial","ground","1"
"Garganey","Spatula querquedula","Migratory","Herbivore aquatic","Omnivore","Aquatic","below-water","2;3;4"
"Golden Pheasant","Chrysolophus pictus","Sedentary","Herbivore terrestrial","Herbivore","Terrestrial","ground","1"
"Gray Parrot","Psittacus erithacus","Sedentary","Omnivore","Herbivore","Insessorial","canopy","1"
"Green Sandpiper","Tringa ochropus","Migratory","Aquatic predator","Carnivore","Terrestrial","around-water","2;3;4"
"House Crow","Corvus splendens","Sedentary","Omnivore","Omnivore","Terrestrial","ground","1"
"Monk Parakeet","Myiopsitta monachus","Sedentary","Omnivore","Herbivore","Insessorial","mid-high","1"
"Redpoll","Acanthis flammea","Partial migrant","Granivore","Herbivore","Generalist",NA,"1;2;3;4"
"Ruddy Shelduck","Tadorna ferruginea","Partial migrant","Omnivore","Omnivore","Terrestrial","around-water","1;2;3"
"Scarlet-chested Parrot","Neophema splendida","Sedentary","Granivore","Herbivore","Terrestrial","understory","1"
"Westland Petrel","Procellaria westlandica","Migratory","Aquatic predator","Carnivore","Aquatic","pelagic","1;2"
"Wild Turkey","Meleagris gallopavo","Sedentary","Omnivore","Herbivore","Terrestrial","ground","1"
"Yellow Canary","Crithagra flaviventris","Sedentary","Omnivore","Herbivore","Insessorial","ground","1"
"Yellow Chat","Epthianura crocea","Sedentary","Invertivore","Carnivore","Generalist","ground","1"
"Yellow-collared Lovebird","Agapornis personatus","Sedentary","Granivore","Herbivore","Terrestrial","ground","1"
