ebird_sci_name,botw_sci_name,common_name,note
Anarhynchus leschenaultii,Charadrius leschenaultii,Greater Sand-Plover,Genus reshuffle: Anarhynchus split from Charadrius (eBird 2024) — BirdLife retains Charadrius.
Anarhynchus mongolus,Charadrius mongolus,Siberian Sand-Plover,Genus reshuffle plus species rename (formerly Mongolian Plover); BirdLife retains Charadrius mongolus.
Botaurus dubius,Ixobrychus dubius,Black-backed Bittern,Genus reshuffle: eBird folded small bitterns into Botaurus (2023) — BirdLife retains Ixobrychus.
Botaurus flavicollis,Ixobrychus flavicollis,Black Bittern,Genus reshuffle: eBird folded small bitterns into Botaurus (2023) — BirdLife retains Ixobrychus.
Emblema modestum,Neochmia modesta,Plum-headed Finch,Genus reshuffle + gender agreement (modesta/modestum); BirdLife retains Neochmia.
Eopsaltria capito,Tregellasia capito,Pale-yellow Robin,Genus split: Tregellasia split out from Eopsaltria; BirdLife retains the split.
Glareola isabella,Stiltia isabella,Australian Pratincole,Genus rename: monotypic Stiltia merged into Glareola by eBird; BirdLife retains Stiltia.
Psitteuteles porphyrocephalus,Glossopsitta porphyrocephala,Purple-crowned Lorikeet,Genus reshuffle + gender agreement; BirdLife retains Glossopsitta.
Tachyspiza novaehollandiae,Accipiter novaehollandiae,Gray Goshawk,Genus split: Tachyspiza split from Accipiter (eBird 2024) — BirdLife retains Accipiter.
