"common_name","n_detections","mean_count","median_count","max_count","reporting_rate","n_checklists","category"
"Australian Magpie",358173,3.223,2,500,49.3708,725476,"regular (>=1%)"
"Rainbow Lorikeet",265973,8.007,4,4560,36.6619,725476,"regular (>=1%)"
"Magpie-lark",255472,2.976,2,300,35.2144,725476,"regular (>=1%)"
"Noisy Miner",240837,5.529,4,200,33.1971,725476,"regular (>=1%)"
"Welcome Swallow",236237,7.251,4,1000,32.563,725476,"regular (>=1%)"
"Australian Raven",235811,2.938,2,156,32.5043,725476,"regular (>=1%)"
"Superb Fairywren",232691,4.943,4,147,32.0743,725476,"regular (>=1%)"
"Willie-wagtail",221518,2.104,2,100,30.5342,725476,"regular (>=1%)"
"Laughing Kookaburra",205523,1.967,2,30,28.3294,725476,"regular (>=1%)"
"Pied Currawong",201993,2.355,2,170,27.8428,725476,"regular (>=1%)"
"Sulphur-crested Cockatoo",193447,6.636,3,1000,26.6648,725476,"regular (>=1%)"
"Gray Fantail",180804,2.343,2,50,24.9221,725476,"regular (>=1%)"
"Masked Lapwing",172310,4.721,2,1000,23.7513,725476,"regular (>=1%)"
"Pacific Black Duck",165015,9.453,4,2600,22.7458,725476,"regular (>=1%)"
"Galah",164151,7.285,3,2000,22.6267,725476,"regular (>=1%)"
"Gray Butcherbird",159368,1.445,1,20,21.9674,725476,"regular (>=1%)"
"Crested Pigeon",156070,3.843,2,300,21.5128,725476,"regular (>=1%)"
"Australian Ibis",139492,11.599,4,2000,19.2277,725476,"regular (>=1%)"
"Red Wattlebird",138818,2.826,2,501,19.1347,725476,"regular (>=1%)"
"Lewin's Honeyeater",134964,2.452,2,65,18.6035,725476,"regular (>=1%)"
"Maned Duck",128813,9.922,5,1000,17.7557,725476,"regular (>=1%)"
"Common Myna",126692,5.028,2,300,17.4633,725476,"regular (>=1%)"
"White-faced Heron",126417,2.464,1,340,17.4254,725476,"regular (>=1%)"
"Eastern Yellow Robin",122988,2.016,1,35,16.9527,725476,"regular (>=1%)"
"Little Pied Cormorant",122603,3.086,1,1000,16.8997,725476,"regular (>=1%)"
"Eastern Whipbird",121656,2.209,2,31,16.7691,725476,"regular (>=1%)"
"Crimson Rosella",120686,3.298,2,85,16.6354,725476,"regular (>=1%)"
"Silver Gull",120600,28.514,10,4000,16.6236,725476,"regular (>=1%)"
"Black-faced Cuckooshrike",119101,1.801,1,60,16.4169,725476,"regular (>=1%)"
"Yellow-faced Honeyeater",117357,7.558,2,30500,16.1766,725476,"regular (>=1%)"
"Brown Thornbill",116917,2.89,2,77,16.1159,725476,"regular (>=1%)"
"Little Wattlebird",115976,3.135,2,200,15.9862,725476,"regular (>=1%)"
"Silvereye",108598,6.177,4,3000,14.9692,725476,"regular (>=1%)"
"Eastern Rosella",105737,3.293,2,100,14.5748,725476,"regular (>=1%)"
"Eastern Spinebill",104685,2.256,1,200,14.4298,725476,"regular (>=1%)"
"Dusky Moorhen",104182,5.796,4,300,14.3605,725476,"regular (>=1%)"
"Gray Shrikethrush",103103,1.49,1,20,14.2118,725476,"regular (>=1%)"
"White-browed Scrubwren",101447,2.638,2,74,13.9835,725476,"regular (>=1%)"
"Little Black Cormorant",99324,7.649,2,5000,13.6909,725476,"regular (>=1%)"
"Red-browed Firetail",98175,6.453,4,300,13.5325,725476,"regular (>=1%)"
"Eurasian Coot",95484,36.559,8,10640,13.1616,725476,"regular (>=1%)"
"Golden Whistler",94929,1.88,1,45,13.0851,725476,"regular (>=1%)"
"Australian Pelican",94708,8.1,3,5000,13.0546,725476,"regular (>=1%)"
"Australasian Swamphen",94194,6.678,4,1000,12.9838,725476,"regular (>=1%)"
"White-throated Treecreeper",90322,1.825,1,25,12.45,725476,"regular (>=1%)"
"Spotted Dove",89703,2.691,2,105,12.3647,725476,"regular (>=1%)"
"Spotted Pardalote",89262,2.262,2,300,12.3039,725476,"regular (>=1%)"
"European Starling",82593,14.26,5,10000,11.3847,725476,"regular (>=1%)"
"Little Corella",81612,18.642,4,3120,11.2494,725476,"regular (>=1%)"
"Australian King-Parrot",81077,2.509,2,73,11.1757,725476,"regular (>=1%)"
"Satin Bowerbird",76721,2.236,2,400,10.5753,725476,"regular (>=1%)"
"Gray Teal",71933,29.194,6,12000,9.9153,725476,"regular (>=1%)"
"Rufous Whistler",69878,2.005,1,50,9.632,725476,"regular (>=1%)"
"Noisy Friarbird",68098,4.265,2,5820,9.3867,725476,"regular (>=1%)"
"Chestnut Teal",67500,15.449,4,2000,9.3042,725476,"regular (>=1%)"
"Yellow Thornbill",66397,3.556,3,68,9.1522,725476,"regular (>=1%)"
"Black Swan",64526,38.821,4,5000,8.8943,725476,"regular (>=1%)"
"Great Cormorant",62636,4.93,2,4020,8.6338,725476,"regular (>=1%)"
"Rock Pigeon",62514,12.774,5,3000,8.617,725476,"regular (>=1%)"
"Australasian Grebe",62433,4.16,2,750,8.6058,725476,"regular (>=1%)"
"Pied Butcherbird",61659,1.6,1,16,8.4991,725476,"regular (>=1%)"
"Australasian Figbird",61433,4.082,2,200,8.468,725476,"regular (>=1%)"
"Great Egret",60294,2.098,1,500,8.311,725476,"regular (>=1%)"
"White-plumed Honeyeater",58254,4.465,3,113,8.0298,725476,"regular (>=1%)"
"New Holland Honeyeater",57129,5.77,3,300,7.8747,725476,"regular (>=1%)"
"Olive-backed Oriole",56598,1.491,1,30,7.8015,725476,"regular (>=1%)"
"Sacred Kingfisher",56228,1.547,1,30,7.7505,725476,"regular (>=1%)"
"Yellow-tailed Black-Cockatoo",53205,4.667,2,376,7.3338,725476,"regular (>=1%)"
"Red-rumped Parrot",52151,5.828,4,200,7.1885,725476,"regular (>=1%)"
"Australasian Darter",50946,2.257,1,700,7.0224,725476,"regular (>=1%)"
"Pacific Koel",50074,1.283,1,12,6.9022,725476,"regular (>=1%)"
"Great Crested Tern",49833,30.529,6,3200,6.869,725476,"regular (>=1%)"
"Striated Pardalote",48960,2.105,1,120,6.7487,725476,"regular (>=1%)"
"Torresian Crow",48642,2.715,2,114,6.7048,725476,"regular (>=1%)"
"Brown Gerygone",47427,3.647,2,85,6.5374,725476,"regular (>=1%)"
"Bar-shouldered Dove",45125,2.122,2,50,6.2201,725476,"regular (>=1%)"
"Pied Cormorant",44785,5.686,2,900,6.1732,725476,"regular (>=1%)"
"Eurasian Blackbird",44784,1.805,1,40,6.1731,725476,"regular (>=1%)"
"House Sparrow",42282,6.351,4,1000,5.8282,725476,"regular (>=1%)"
"Striated Thornbill",40668,4.724,4,72,5.6057,725476,"regular (>=1%)"
"Hardhead",40234,12.077,4,1450,5.5459,725476,"regular (>=1%)"
"Royal Spoonbill",39904,4.845,2,300,5.5004,725476,"regular (>=1%)"
"Australian Reed Warbler",39607,3.114,2,100,5.4595,725476,"regular (>=1%)"
"Fan-tailed Cuckoo",39472,1.341,1,15,5.4408,725476,"regular (>=1%)"
"Variegated Fairywren",39171,3.499,3,42,5.3994,725476,"regular (>=1%)"
"Yellow-rumped Thornbill",38913,4.263,3,70,5.3638,725476,"regular (>=1%)"
"White-bellied Sea-Eagle",38861,1.297,1,15,5.3566,725476,"regular (>=1%)"
"Straw-necked Ibis",38223,21.283,5,8000,5.2687,725476,"regular (>=1%)"
"Red-whiskered Bulbul",38155,3.051,2,75,5.2593,725476,"regular (>=1%)"
"Scarlet Myzomela",34690,3.691,2,4150,4.7817,725476,"regular (>=1%)"
"Nankeen Kestrel",34388,1.32,1,20,4.7401,725476,"regular (>=1%)"
"Whistling Kite",34035,1.432,1,65,4.6914,725476,"regular (>=1%)"
"Blue-faced Honeyeater",33011,2.576,2,42,4.5503,725476,"regular (>=1%)"
"Mistletoebird",32350,1.566,1,30,4.4591,725476,"regular (>=1%)"
"Australian Brushturkey",31789,2.353,2,61,4.3818,725476,"regular (>=1%)"
"Dollarbird",31689,1.746,1,20,4.368,725476,"regular (>=1%)"
"Eastern Cattle-Egret",31385,16.15,6,2000,4.3261,725476,"regular (>=1%)"
"Pied Stilt",30653,23.479,8,2000,4.2252,725476,"regular (>=1%)"
"Bell Miner",30113,9.125,6,300,4.1508,725476,"regular (>=1%)"
"Brown Cuckoo-Dove",30098,1.904,1,60,4.1487,725476,"regular (>=1%)"
"Musk Lorikeet",29521,7.88,4,1230,4.0692,725476,"regular (>=1%)"
"Pied Oystercatcher",29416,3.615,2,111,4.0547,725476,"regular (>=1%)"
"Wonga Pigeon",29364,1.391,1,16,4.0475,725476,"regular (>=1%)"
"Brown Honeyeater",28440,2.606,2,100,3.9202,725476,"regular (>=1%)"
"White-cheeked Honeyeater",27989,5.582,3,250,3.858,725476,"regular (>=1%)"
"Little Raven",26819,6.788,3,1500,3.6967,725476,"regular (>=1%)"
"Golden-headed Cisticola",26671,2.832,2,90,3.6763,725476,"regular (>=1%)"
"White-winged Chough",26388,7.21,6,123,3.6373,725476,"regular (>=1%)"
"Black-shouldered Kite",26317,1.333,1,111,3.6275,725476,"regular (>=1%)"
"Tree Martin",26140,9.855,4,2450,3.6032,725476,"regular (>=1%)"
"Scaly-breasted Lorikeet",25325,5.558,3,375,3.4908,725476,"regular (>=1%)"
"Channel-billed Cuckoo",25298,1.526,1,23,3.4871,725476,"regular (>=1%)"
"Black-fronted Dotterel",24722,3.743,2,100,3.4077,725476,"regular (>=1%)"
"Superb Lyrebird",24408,1.619,1,20,3.3644,725476,"regular (>=1%)"
"Fairy Martin",24360,11.585,6,1500,3.3578,725476,"regular (>=1%)"
"Peaceful Dove",23565,2.312,2,40,3.2482,725476,"regular (>=1%)"
"White-headed Pigeon",23310,2.808,2,240,3.2131,725476,"regular (>=1%)"
"Pacific Heron",22870,2.183,1,150,3.1524,725476,"regular (>=1%)"
"Little Egret",21892,1.866,1,100,3.0176,725476,"regular (>=1%)"
"Spiny-cheeked Honeyeater",21862,3.148,2,100,3.0135,725476,"regular (>=1%)"
"White-breasted Woodswallow",21776,3.969,3,500,3.0016,725476,"regular (>=1%)"
"White-eared Honeyeater",21414,2.244,2,50,2.9517,725476,"regular (>=1%)"
"White-naped Honeyeater",21192,5.25,3,500,2.9211,725476,"regular (>=1%)"
"White-throated Gerygone",20976,1.488,1,26,2.8913,725476,"regular (>=1%)"
"Australian Rufous Fantail",20789,1.672,1,30,2.8656,725476,"regular (>=1%)"
"Weebill",20602,3.174,2,65,2.8398,725476,"regular (>=1%)"
"Common Bronzewing",20564,2.077,1,100,2.8346,725476,"regular (>=1%)"
"Rainbow Bee-eater",20528,3.496,2,100,2.8296,725476,"regular (>=1%)"
"Osprey",19779,1.4,1,12,2.7263,725476,"regular (>=1%)"
"Black-faced Monarch",19337,1.802,1,20,2.6654,725476,"regular (>=1%)"
"Australian Pipit",19018,2.475,2,69,2.6215,725476,"regular (>=1%)"
"Wedge-tailed Eagle",18984,1.467,1,20,2.6168,725476,"regular (>=1%)"
"Dusky Woodswallow",18883,4.015,2,200,2.6028,725476,"regular (>=1%)"
"Sooty Oystercatcher",17817,3.277,2,51,2.4559,725476,"regular (>=1%)"
"Bar-tailed Godwit",17697,38.317,10,2000,2.4394,725476,"regular (>=1%)"
"Jacky-winter",17422,2.067,2,25,2.4015,725476,"regular (>=1%)"
"Shining Bronze-Cuckoo",17309,1.244,1,20,2.3859,725476,"regular (>=1%)"
"Brown Goshawk",16713,1.127,1,5,2.3037,725476,"regular (>=1%)"
"Swamp Harrier",16353,1.268,1,10,2.2541,725476,"regular (>=1%)"
"Green Catbird",16071,1.573,1,11,2.2152,725476,"regular (>=1%)"
"Tawny Frogmouth",15914,1.928,2,14,2.1936,725476,"regular (>=1%)"
"Caspian Tern",15899,4.193,2,106,2.1915,725476,"regular (>=1%)"
"Double-barred Finch",15670,5.077,3,100,2.16,725476,"regular (>=1%)"
"Striped Honeyeater",15645,1.78,1,30,2.1565,725476,"regular (>=1%)"
"Leaden Flycatcher",15642,1.53,1,20,2.1561,725476,"regular (>=1%)"
"Little Grassbird",15323,2.084,1,100,2.1121,725476,"regular (>=1%)"
"Long-billed Corella",15033,10.6,3,1970,2.0722,725476,"regular (>=1%)"
"Australasian Gannet",15015,7.99,2,1100,2.0697,725476,"regular (>=1%)"
"Hoary-headed Grebe",14997,23.548,4,2710,2.0672,725476,"regular (>=1%)"
"Large-billed Scrubwren",14524,2.455,2,25,2.002,725476,"regular (>=1%)"
"Restless Flycatcher",14083,1.439,1,10,1.9412,725476,"regular (>=1%)"
"Spangled Drongo",14034,1.672,1,40,1.9345,725476,"regular (>=1%)"
"Brown Treecreeper",14022,2.437,2,25,1.9328,725476,"regular (>=1%)"
"Far Eastern Curlew",13980,13.792,4,800,1.927,725476,"regular (>=1%)"
"Apostlebird",13817,7.797,6,150,1.9045,725476,"regular (>=1%)"
"Topknot Pigeon",13653,13.315,5,2395,1.8819,725476,"regular (>=1%)"
"Plumed Egret",13620,2.338,1,500,1.8774,725476,"regular (>=1%)"
"Little Friarbird",13439,2.567,2,50,1.8524,725476,"regular (>=1%)"
"Australasian Shoveler",13383,10.638,4,1000,1.8447,725476,"regular (>=1%)"
"Tawny Grassbird",13230,2.046,1,40,1.8236,725476,"regular (>=1%)"
"Buff-rumped Thornbill",13153,4.385,3,50,1.813,725476,"regular (>=1%)"
"Rufous Songlark",12975,2.107,1,40,1.7885,725476,"regular (>=1%)"
"Brown Quail",12823,3.012,2,80,1.7675,725476,"regular (>=1%)"
"Brown-headed Honeyeater",12442,3.501,2,60,1.715,725476,"regular (>=1%)"
"Pink-eared Duck",12088,27.351,6,6000,1.6662,725476,"regular (>=1%)"
"Yellow-throated Scrubwren",11470,2.596,2,36,1.581,725476,"regular (>=1%)"
"Azure Kingfisher",11382,1.215,1,7,1.5689,725476,"regular (>=1%)"
"Little Heron",11372,1.181,1,7,1.5675,725476,"regular (>=1%)"
"Yellow-throated Miner",11176,4.755,3,175,1.5405,725476,"regular (>=1%)"
"European Goldfinch",11173,4.007,2,120,1.5401,725476,"regular (>=1%)"
"Black Kite",11107,4.521,1,2000,1.531,725476,"regular (>=1%)"
"Rose Robin",11027,1.37,1,9,1.52,725476,"regular (>=1%)"
"Eastern Shrike-tit",10708,1.553,1,10,1.476,725476,"regular (>=1%)"
"Sahul Cicadabird",10515,1.251,1,15,1.4494,725476,"regular (>=1%)"
"Buff-banded Rail",10452,1.712,1,47,1.4407,725476,"regular (>=1%)"
"Yellow-billed Spoonbill",10364,2.883,2,60,1.4286,725476,"regular (>=1%)"
"Mallard",10116,3.842,2,109,1.3944,725476,"regular (>=1%)"
"Singing Honeyeater",10074,2.414,2,60,1.3886,725476,"regular (>=1%)"
"Little Lorikeet",10031,6.241,3,250,1.3827,725476,"regular (>=1%)"
"Brown Falcon",10002,1.282,1,25,1.3787,725476,"regular (>=1%)"
"Zebra Finch",9845,10.264,5,306,1.357,725476,"regular (>=1%)"
"Red-capped Plover",9742,10.363,6,350,1.3428,725476,"regular (>=1%)"
"Australian Ringneck",9644,3.123,2,84,1.3293,725476,"regular (>=1%)"
"White-winged Triller",9592,2.286,1,75,1.3222,725476,"regular (>=1%)"
"Latham's Snipe",9527,3.396,2,160,1.3132,725476,"regular (>=1%)"
"Red-necked Stint",9498,29.191,13,1000,1.3092,725476,"regular (>=1%)"
"White-throated Needletail",9279,25.674,8,2000,1.279,725476,"regular (>=1%)"
"Sharp-tailed Sandpiper",9243,56.033,10,8000,1.2741,725476,"regular (>=1%)"
"Brahminy Kite",9221,1.21,1,20,1.271,725476,"regular (>=1%)"
"Varied Sittella",9046,3.897,3,30,1.2469,725476,"regular (>=1%)"
"Little Tern",8857,31.35,10,1000,1.2209,725476,"regular (>=1%)"
"Australian Hobby",8785,1.125,1,5,1.2109,725476,"regular (>=1%)"
"Fuscous Honeyeater",8675,6.172,3,270,1.1958,725476,"regular (>=1%)"
"Red-capped Robin",8598,2.166,2,28,1.1852,725476,"regular (>=1%)"
"Musk Duck",8572,3.289,2,60,1.1816,725476,"regular (>=1%)"
"Gray-crowned Babbler",8555,4.421,4,50,1.1792,725476,"regular (>=1%)"
"Pacific Golden-Plover",8542,22.168,8,400,1.1774,725476,"regular (>=1%)"
"Pheasant Coucal",8454,1.314,1,12,1.1653,725476,"regular (>=1%)"
"Sahul Brush Cuckoo",8208,1.181,1,10,1.1314,725476,"regular (>=1%)"
"Horsfield's Bronze-Cuckoo",7709,1.207,1,10,1.0626,725476,"regular (>=1%)"
"Yellow-tufted Honeyeater",7529,5.209,3,100,1.0378,725476,"regular (>=1%)"
"Nankeen Night Heron",7525,3.395,1,300,1.0373,725476,"regular (>=1%)"
"Australian Owlet-nightjar",7431,1.278,1,9,1.0243,725476,"regular (>=1%)"
"Red-backed Fairywren",7215,2.954,2,36,0.9945,725476,"uncommon (0.1-1%)"
"Gray Goshawk",7133,1.094,1,4,0.9832,725476,"uncommon (0.1-1%)"
"Peregrine Falcon",7048,1.152,1,5,0.9715,725476,"uncommon (0.1-1%)"
"Speckled Warbler",6976,2.117,2,20,0.9616,725476,"uncommon (0.1-1%)"
"Purple-backed Fairywren",6856,4.221,3,35,0.945,725476,"uncommon (0.1-1%)"
"Varied Triller",6816,1.397,1,10,0.9395,725476,"uncommon (0.1-1%)"
"Australian Logrunner",6773,2.596,2,60,0.9336,725476,"uncommon (0.1-1%)"
"Gang-gang Cockatoo",6723,3.351,2,62,0.9267,725476,"uncommon (0.1-1%)"
"Red-kneed Dotterel",6722,5.639,3,400,0.9266,725476,"uncommon (0.1-1%)"
"Great Crested Grebe",6645,6.095,2,650,0.916,725476,"uncommon (0.1-1%)"
"Regent Bowerbird",6622,1.941,1,55,0.9128,725476,"uncommon (0.1-1%)"
"Eurasian Whimbrel",6595,4.42,2,80,0.9091,725476,"uncommon (0.1-1%)"
"Western Gerygone",6581,1.613,1,12,0.9071,725476,"uncommon (0.1-1%)"
"Cockatiel",6544,7.533,4,500,0.902,725476,"uncommon (0.1-1%)"
"Collared Sparrowhawk",6449,1.097,1,5,0.8889,725476,"uncommon (0.1-1%)"
"Ruddy Turnstone",6356,7.849,5,105,0.8761,725476,"uncommon (0.1-1%)"
"Bassian Thrush",6259,1.581,1,20,0.8627,725476,"uncommon (0.1-1%)"
"Scarlet Robin",6068,1.706,1,12,0.8364,725476,"uncommon (0.1-1%)"
"Australian Boobook",6065,1.404,1,12,0.836,725476,"uncommon (0.1-1%)"
"Emu",5974,5.251,3,200,0.8235,725476,"uncommon (0.1-1%)"
"White-bellied Cuckooshrike",5953,1.403,1,8,0.8206,725476,"uncommon (0.1-1%)"
"Forest Raven",5951,1.902,2,30,0.8203,725476,"uncommon (0.1-1%)"
"White-browed Woodswallow",5872,25.096,8,2000,0.8094,725476,"uncommon (0.1-1%)"
"Australian Shelduck",5711,17.283,3,1090,0.7872,725476,"uncommon (0.1-1%)"
"Domestic goose sp. (Domestic type)",5697,16.022,9,100,0.7853,725476,"uncommon (0.1-1%)"
"White-winged Fairywren",5585,4.816,4,40,0.7698,725476,"uncommon (0.1-1%)"
"Chestnut-rumped Thornbill",5464,3.902,3,74,0.7532,725476,"uncommon (0.1-1%)"
"Common Tern",5365,29.108,6,1000,0.7395,725476,"uncommon (0.1-1%)"
"White-browed Babbler",5331,4.732,4,34,0.7348,725476,"uncommon (0.1-1%)"
"Magpie Goose",5317,27.492,6,600,0.7329,725476,"uncommon (0.1-1%)"
"Southern Emuwren",5286,2.885,2,28,0.7286,725476,"uncommon (0.1-1%)"
"Red-necked Avocet",5265,78.365,14,5000,0.7257,725476,"uncommon (0.1-1%)"
"Diamond Firetail",5199,2.917,2,40,0.7166,725476,"uncommon (0.1-1%)"
"Greater Bluebonnet",5162,4.725,3,85,0.7115,725476,"uncommon (0.1-1%)"
"Noisy Pitta",5150,1.36,1,6,0.7099,725476,"uncommon (0.1-1%)"
"Powerful Owl",5128,1.61,1,7,0.7068,725476,"uncommon (0.1-1%)"
"Australian Tern",5010,4.87,2,300,0.6906,725476,"uncommon (0.1-1%)"
"Superb Parrot",4965,6.049,3,300,0.6844,725476,"uncommon (0.1-1%)"
"Australian Spectacled Monarch",4960,1.634,1,20,0.6837,725476,"uncommon (0.1-1%)"
"Wompoo Fruit-Dove",4883,1.768,1,30,0.6731,725476,"uncommon (0.1-1%)"
"Pacific Emerald Dove",4817,1.526,1,16,0.664,725476,"uncommon (0.1-1%)"
"Inland Thornbill",4800,2.82,2,30,0.6616,725476,"uncommon (0.1-1%)"
"Blue-billed Duck",4627,8.53,2,932,0.6378,725476,"uncommon (0.1-1%)"
"Glossy Black-Cockatoo",4511,3.012,2,46,0.6218,725476,"uncommon (0.1-1%)"
"Mangrove Gerygone",4478,1.807,1,20,0.6172,725476,"uncommon (0.1-1%)"
"Gray-tailed Tattler",4428,6.528,3,90,0.6104,725476,"uncommon (0.1-1%)"
"Southern Whiteface",4390,3.33,2,60,0.6051,725476,"uncommon (0.1-1%)"
"Chestnut-breasted Munia",4328,9.014,4,300,0.5966,725476,"uncommon (0.1-1%)"
"Wedge-tailed Shearwater",4147,139.945,16,18000,0.5716,725476,"uncommon (0.1-1%)"
"Little Shrikethrush",4139,1.56,1,12,0.5705,725476,"uncommon (0.1-1%)"
"Red-browed Treecreeper",4057,1.792,1,20,0.5592,725476,"uncommon (0.1-1%)"
"Brown Songlark",4029,2.075,1,25,0.5554,725476,"uncommon (0.1-1%)"
"Little Eagle",3981,1.12,1,5,0.5487,725476,"uncommon (0.1-1%)"
"Pallid Cuckoo",3905,1.218,1,8,0.5383,725476,"uncommon (0.1-1%)"
"Pacific Reef-Heron",3894,1.164,1,9,0.5368,725476,"uncommon (0.1-1%)"
"Rose-crowned Fruit-Dove",3797,1.959,1,40,0.5234,725476,"uncommon (0.1-1%)"
"Glossy Ibis",3735,13.628,3,3000,0.5148,725476,"uncommon (0.1-1%)"
"White-fronted Chat",3730,6.496,4,200,0.5141,725476,"uncommon (0.1-1%)"
"Square-tailed Kite",3679,1.135,1,5,0.5071,725476,"uncommon (0.1-1%)"
"Double-banded Plover",3654,10.784,4,235,0.5037,725476,"uncommon (0.1-1%)"
"Masked Woodswallow",3630,18.76,5,1000,0.5004,725476,"uncommon (0.1-1%)"
"Crested Bellbird",3627,1.62,1,20,0.4999,725476,"uncommon (0.1-1%)"
"Kelp Gull",3608,1.833,1,25,0.4973,725476,"uncommon (0.1-1%)"
"Spotless Crake",3586,1.811,1,34,0.4943,725476,"uncommon (0.1-1%)"
"Plumed Whistling-Duck",3560,46.742,10,5400,0.4907,725476,"uncommon (0.1-1%)"
"Rockwarbler",3559,1.783,1,10,0.4906,725476,"uncommon (0.1-1%)"
"Red-winged Parrot",3417,3.048,2,95,0.471,725476,"uncommon (0.1-1%)"
"Budgerigar",3344,43.138,12,5000,0.4609,725476,"uncommon (0.1-1%)"
"Pacific Baza",3326,1.437,1,15,0.4585,725476,"uncommon (0.1-1%)"
"Curlew Sandpiper",3325,14.694,5,2000,0.4583,725476,"uncommon (0.1-1%)"
"Flame Robin",3306,2.596,2,252,0.4557,725476,"uncommon (0.1-1%)"
"Stubble Quail",3289,2.719,2,40,0.4534,725476,"uncommon (0.1-1%)"
"Hooded Robin",3194,1.887,2,11,0.4403,725476,"uncommon (0.1-1%)"
"Australian Crake",3067,2.448,1,65,0.4228,725476,"uncommon (0.1-1%)"
"Pale-yellow Robin",3031,1.776,1,10,0.4178,725476,"uncommon (0.1-1%)"
"Splendid Fairywren",3000,3.965,3,42,0.4135,725476,"uncommon (0.1-1%)"
"Whiskered Tern",2951,24.36,5,2000,0.4068,725476,"uncommon (0.1-1%)"
"Lewin's Rail",2922,1.384,1,11,0.4028,725476,"uncommon (0.1-1%)"
"Mulga Parrot",2905,3.867,2,100,0.4004,725476,"uncommon (0.1-1%)"
"Red Knot",2904,9.951,4,1000,0.4003,725476,"uncommon (0.1-1%)"
"Wandering Whistling-Duck",2899,12.185,5,406,0.3996,725476,"uncommon (0.1-1%)"
"Baillon's Crake",2872,1.999,1,27,0.3959,725476,"uncommon (0.1-1%)"
"Black-tailed Nativehen",2860,17.756,5,2000,0.3942,725476,"uncommon (0.1-1%)"
"Comb-crested Jacana",2794,2.412,2,38,0.3851,725476,"uncommon (0.1-1%)"
"Muscovy Duck",2770,2.025,1,90,0.3818,725476,"uncommon (0.1-1%)"
"Eastern Bristlebird",2685,2.851,2,20,0.3701,725476,"uncommon (0.1-1%)"
"Freckled Duck",2650,10.024,3,460,0.3653,725476,"uncommon (0.1-1%)"
"Eurasian Skylark",2530,3.832,2,102,0.3487,725476,"uncommon (0.1-1%)"
"Beautiful Firetail",2435,2.084,1,21,0.3356,725476,"uncommon (0.1-1%)"
"Spotted Bowerbird",2367,1.59,1,15,0.3263,725476,"uncommon (0.1-1%)"
"Black-faced Woodswallow",2364,4.708,3,100,0.3259,725476,"uncommon (0.1-1%)"
"Pilotbird",2332,1.652,1,12,0.3214,725476,"uncommon (0.1-1%)"
"Tawny-crowned Honeyeater",2318,3.382,2,50,0.3195,725476,"uncommon (0.1-1%)"
"Turquoise Parrot",2311,3.138,2,100,0.3185,725476,"uncommon (0.1-1%)"
"Little Crow",2269,5.145,2,200,0.3128,725476,"uncommon (0.1-1%)"
"Black-browed Albatross",2233,5.994,2,250,0.3078,725476,"uncommon (0.1-1%)"
"Forest Kingfisher",2176,1.469,1,6,0.2999,725476,"uncommon (0.1-1%)"
"Russet-tailed Thrush",2112,1.387,1,8,0.2911,725476,"uncommon (0.1-1%)"
"Black-necked Stork",2102,1.514,1,8,0.2897,725476,"uncommon (0.1-1%)"
"Chestnut-rumped Heathwren",2052,1.654,1,10,0.2828,725476,"uncommon (0.1-1%)"
"Sanderling",2042,4.7,3,31,0.2815,725476,"uncommon (0.1-1%)"
"White-fronted Honeyeater",2028,3.715,2,50,0.2795,725476,"uncommon (0.1-1%)"
"Short-tailed Shearwater",2027,420.121,10,145250,0.2794,725476,"uncommon (0.1-1%)"
"Diamond Dove",2003,3.742,2,150,0.2761,725476,"uncommon (0.1-1%)"
"Plum-headed Finch",1987,10.409,4,200,0.2739,725476,"uncommon (0.1-1%)"
"Crimson Chat",1981,6.769,3,120,0.2731,725476,"uncommon (0.1-1%)"
"Painted Buttonquail",1974,1.669,1,18,0.2721,725476,"uncommon (0.1-1%)"
"Beach Thick-knee",1901,1.539,1,6,0.262,725476,"uncommon (0.1-1%)"
"Spotted Harrier",1898,1.107,1,5,0.2616,725476,"uncommon (0.1-1%)"
"Gray Currawong",1872,1.439,1,11,0.258,725476,"uncommon (0.1-1%)"
"White-backed Swallow",1841,2.708,2,200,0.2538,725476,"uncommon (0.1-1%)"
"Pink Cockatoo",1810,5.255,2,100,0.2495,725476,"uncommon (0.1-1%)"
"Paradise Riflebird",1792,1.403,1,9,0.247,725476,"uncommon (0.1-1%)"
"Graylag Goose",1738,24.681,15,80,0.2396,725476,"uncommon (0.1-1%)"
"Chirruping Wedgebill",1732,4.709,2,60,0.2387,725476,"uncommon (0.1-1%)"
"Spotted Quail-thrush",1696,1.665,1,15,0.2338,725476,"uncommon (0.1-1%)"
"Banded Lapwing",1672,10.489,5,600,0.2305,725476,"uncommon (0.1-1%)"
"Crescent Honeyeater",1672,2.503,2,50,0.2305,725476,"uncommon (0.1-1%)"
"Singing Bushlark",1640,2.663,2,45,0.2261,725476,"uncommon (0.1-1%)"
"Red-backed Kingfisher",1506,1.298,1,7,0.2076,725476,"uncommon (0.1-1%)"
"Wandering Tattler",1487,1.861,1,8,0.205,725476,"uncommon (0.1-1%)"
"Eastern Barn Owl",1475,1.531,1,40,0.2033,725476,"uncommon (0.1-1%)"
"Black-chinned Honeyeater",1472,2.194,2,22,0.2029,725476,"uncommon (0.1-1%)"
"Chestnut-crowned Babbler",1398,6.423,5,50,0.1927,725476,"uncommon (0.1-1%)"
"White-throated Nightjar",1387,1.309,1,6,0.1912,725476,"uncommon (0.1-1%)"
"Black-tailed Godwit",1381,12.925,6,400,0.1904,725476,"uncommon (0.1-1%)"
"Pale-headed Rosella",1340,2.631,2,29,0.1847,725476,"uncommon (0.1-1%)"
"Common Greenshank",1212,3.752,1,98,0.1671,725476,"uncommon (0.1-1%)"
"Yellow-plumed Honeyeater",1170,5.015,3,60,0.1613,725476,"uncommon (0.1-1%)"
"Black Honeyeater",1166,3.896,2,50,0.1607,725476,"uncommon (0.1-1%)"
"Swift Parrot",1166,14.798,6,200,0.1607,725476,"uncommon (0.1-1%)"
"White-fronted Tern",1163,3.34,2,100,0.1603,725476,"uncommon (0.1-1%)"
"Greater Sand-Plover",1157,1.407,1,25,0.1595,725476,"uncommon (0.1-1%)"
"White-throated Honeyeater",1127,2.921,2,36,0.1553,725476,"uncommon (0.1-1%)"
"Marsh Sandpiper",1087,5.719,2,200,0.1498,725476,"uncommon (0.1-1%)"
"Hooded Plover",1067,2.423,2,12,0.1471,725476,"uncommon (0.1-1%)"
"Brush Bronzewing",1060,1.496,1,22,0.1461,725476,"uncommon (0.1-1%)"
"Brolga",1013,4.424,2,118,0.1396,725476,"uncommon (0.1-1%)"
"Orange Chat",1013,6.454,3,105,0.1396,725476,"uncommon (0.1-1%)"
"Fluttering Shearwater",996,86.131,5,8000,0.1373,725476,"uncommon (0.1-1%)"
"Ground Parrot",994,2.304,2,20,0.137,725476,"uncommon (0.1-1%)"
"Satin Flycatcher",992,1.565,1,8,0.1367,725476,"uncommon (0.1-1%)"
"Pied Honeyeater",973,4.114,2,60,0.1341,725476,"uncommon (0.1-1%)"
"Black Falcon",946,1.262,1,14,0.1304,725476,"uncommon (0.1-1%)"
"Painted Honeyeater",910,2.173,2,20,0.1254,725476,"uncommon (0.1-1%)"
"Pacific Swift",905,11.882,3,300,0.1247,725476,"uncommon (0.1-1%)"
"White-capped Albatross",896,3.731,1,100,0.1235,725476,"uncommon (0.1-1%)"
"Black-eared Cuckoo",887,1.148,1,5,0.1223,725476,"uncommon (0.1-1%)"
"White-eared Monarch",886,1.423,1,5,0.1221,725476,"uncommon (0.1-1%)"
"Bush Thick-knee",879,2.171,2,14,0.1212,725476,"uncommon (0.1-1%)"
"Lord Howe Rail",828,4.399,3,36,0.1141,725476,"uncommon (0.1-1%)"
"Sooty Owl",787,1.184,1,4,0.1085,725476,"uncommon (0.1-1%)"
"Siberian Sand-Plover",786,3.45,1,400,0.1083,725476,"uncommon (0.1-1%)"
"Great Knot",777,5.21,2,120,0.1071,725476,"uncommon (0.1-1%)"
"Wood Sandpiper",775,1.446,1,25,0.1068,725476,"uncommon (0.1-1%)"
"Red-tailed Black-Cockatoo",774,14.288,6,220,0.1067,725476,"uncommon (0.1-1%)"
"Sooty Tern",772,127.495,15,12500,0.1064,725476,"uncommon (0.1-1%)"
"Rufous Scrub-bird",747,1.443,1,10,0.103,725476,"uncommon (0.1-1%)"
"Parasitic Jaeger",713,1.853,1,35,0.0983,725476,"rare (<0.1%)"
"Australian Masked-Owl",696,1.109,1,3,0.0959,725476,"rare (<0.1%)"
"Indian Peafowl",696,2.112,1,17,0.0959,725476,"rare (<0.1%)"
"Gilbert's Whistler",695,1.614,1,8,0.0958,725476,"rare (<0.1%)"
"Regent Honeyeater",693,3.012,2,30,0.0955,725476,"rare (<0.1%)"
"Scaly-breasted Munia",664,7.855,5,58,0.0915,725476,"rare (<0.1%)"
"Olive Whistler",658,1.421,1,6,0.0907,725476,"rare (<0.1%)"
"Redthroat",657,2.778,2,15,0.0906,725476,"rare (<0.1%)"
"Bourke's Parrot",656,4.646,3,50,0.0904,725476,"rare (<0.1%)"
"Chestnut Quail-thrush",635,1.994,2,12,0.0875,725476,"rare (<0.1%)"
"Australasian Bittern",634,1.486,1,13,0.0874,725476,"rare (<0.1%)"
"Black-backed Bittern",604,1.318,1,8,0.0833,725476,"rare (<0.1%)"
"Shy Heathwren",600,1.998,2,12,0.0827,725476,"rare (<0.1%)"
"Brown Noddy",598,8.074,2.5,200,0.0824,725476,"rare (<0.1%)"
"Albert's Lyrebird",596,1.586,1,8,0.0822,725476,"rare (<0.1%)"
"Blue-breasted Quail",580,2.521,2,40,0.0799,725476,"rare (<0.1%)"
"Australian Pratincole",577,7.529,3,100,0.0795,725476,"rare (<0.1%)"
"Southern Scrub-Robin",572,2.311,2,15,0.0788,725476,"rare (<0.1%)"
"Pale-vented Bush-hen",560,1.343,1,6,0.0772,725476,"rare (<0.1%)"
"Barking Owl",558,1.742,1,5,0.0769,725476,"rare (<0.1%)"
"Common Sandpiper",535,1.06,1,4,0.0737,725476,"rare (<0.1%)"
"White-browed Treecreeper",524,1.7,1,6,0.0722,725476,"rare (<0.1%)"
"Pomarine Jaeger",517,2.857,1,138,0.0713,725476,"rare (<0.1%)"
"Black Bittern",515,1.146,1,4,0.071,725476,"rare (<0.1%)"
"Black-bellied Plover",513,1.405,1,15,0.0707,725476,"rare (<0.1%)"
"Australian Painted-Snipe",502,2.584,2,25,0.0692,725476,"rare (<0.1%)"
"White-winged Tern",502,3.04,1,30,0.0692,725476,"rare (<0.1%)"
"Gray-fronted Honeyeater",500,3.7,3,30,0.0689,725476,"rare (<0.1%)"
"Terek Sandpiper",490,2.933,1,125,0.0675,725476,"rare (<0.1%)"
"Little Buttonquail",489,2.11,1,42,0.0674,725476,"rare (<0.1%)"
"Pectoral Sandpiper",488,1.48,1,5,0.0673,725476,"rare (<0.1%)"
"Torresian Kingfisher",468,1.756,1,15,0.0645,725476,"rare (<0.1%)"
"Helmeted Guineafowl",466,4.18,3,31,0.0642,725476,"rare (<0.1%)"
"Blue-billed White-Tern",459,11.813,6,120,0.0633,725476,"rare (<0.1%)"
"Pacific Gull",451,1.439,1,21,0.0622,725476,"rare (<0.1%)"
"Australian Fairy Tern",441,2.34,2,20,0.0608,725476,"rare (<0.1%)"
"Accipitrine hawk sp. (former Accipiter sp.)",421,1.057,1,3,0.058,725476,"rare (<0.1%)"
"Black Noddy",414,11.039,2,300,0.0571,725476,"rare (<0.1%)"
"Aleutian Tern",397,5.189,4,18,0.0547,725476,"rare (<0.1%)"
"Flesh-footed Shearwater",396,34.298,3,4000,0.0546,725476,"rare (<0.1%)"
"Little Bronze-Cuckoo",391,1.105,1,3,0.0539,725476,"rare (<0.1%)"
"Red-tailed Tropicbird",382,19.11,5,275,0.0527,725476,"rare (<0.1%)"
"Red Junglefowl",381,2.402,2,17,0.0525,725476,"rare (<0.1%)"
"Masked Booby",361,39.247,5,1000,0.0498,725476,"rare (<0.1%)"
"Barred Cuckooshrike",315,2.384,2,18,0.0434,725476,"rare (<0.1%)"
"Ground Cuckooshrike",300,2.917,3,12,0.0414,725476,"rare (<0.1%)"
"Mangrove Honeyeater",300,2.53,2,20,0.0414,725476,"rare (<0.1%)"
"Sooty Shearwater",294,7.381,2,1300,0.0405,725476,"rare (<0.1%)"
"Black-winged Petrel",282,6.989,4,100,0.0389,725476,"rare (<0.1%)"
"Indian Yellow-nosed Albatross",266,3.996,2,50,0.0367,725476,"rare (<0.1%)"
"Regent Parrot",246,10.89,6,100,0.0339,725476,"rare (<0.1%)"
"Spotted Nightjar",243,1.292,1,4,0.0335,725476,"rare (<0.1%)"
"Chestnut-breasted Quail-thrush",240,2.1,2,7,0.0331,725476,"rare (<0.1%)"
"Hudsonian Godwit",233,1,1,1,0.0321,725476,"rare (<0.1%)"
"Superb Fruit-Dove",226,1.336,1,7,0.0312,725476,"rare (<0.1%)"
"Little Penguin",222,3.351,1,50,0.0306,725476,"rare (<0.1%)"
"Hutton's Shearwater",216,37.148,2,1500,0.0298,725476,"rare (<0.1%)"
"Little Woodswallow",216,2.685,2,20,0.0298,725476,"rare (<0.1%)"
"Red-browed Pardalote",215,1.572,1,5,0.0296,725476,"rare (<0.1%)"
"Cinnamon Quail-thrush",207,2.092,2,8,0.0285,725476,"rare (<0.1%)"
"Australasian Grass-Owl",198,1.323,1,3,0.0273,725476,"rare (<0.1%)"
"Brown Skua",193,1.596,1,9,0.0266,725476,"rare (<0.1%)"
"Black-breasted Kite",184,1.386,1,3,0.0254,725476,"rare (<0.1%)"
"Black-faced Cormorant",183,6.404,3,32,0.0252,725476,"rare (<0.1%)"
"Marbled Frogmouth",183,2.082,2,6,0.0252,725476,"rare (<0.1%)"
"Gray Noddy",181,4.829,3,75,0.0249,725476,"rare (<0.1%)"
"European Greenfinch",175,2.514,2,46,0.0241,725476,"rare (<0.1%)"
"Flock Bronzewing",175,55.52,7,1500,0.0241,725476,"rare (<0.1%)"
"Inland Dotterel",174,7.592,2,80,0.024,725476,"rare (<0.1%)"
"Radjah Shelduck",168,2.494,2,5,0.0232,725476,"rare (<0.1%)"
"Gray-faced Petrel",167,14.713,3,450,0.023,725476,"rare (<0.1%)"
"Rose-ringed Parakeet",166,2.018,1,7,0.0229,725476,"rare (<0.1%)"
"South Island Oystercatcher",166,1,1,1,0.0229,725476,"rare (<0.1%)"
"Common Ostrich",161,4.807,4,14,0.0222,725476,"rare (<0.1%)"
"Striated Fieldwren",158,1.949,2,6,0.0218,725476,"rare (<0.1%)"
"Eastern Yellow Wagtail",152,1.849,2,7,0.021,725476,"rare (<0.1%)"
"Rufous Fieldwren",144,1.681,1,8,0.0198,725476,"rare (<0.1%)"
"Little Curlew",130,7.085,1,90,0.0179,725476,"rare (<0.1%)"
"Banded Stilt",126,5.024,1,300,0.0174,725476,"rare (<0.1%)"
"Blue-winged Parrot",126,11.222,2,80,0.0174,725476,"rare (<0.1%)"
"Buff-breasted Sandpiper",126,1,1,1,0.0174,725476,"rare (<0.1%)"
"Fairy Prion",126,176.492,3,20000,0.0174,725476,"rare (<0.1%)"
"Asian Dowitcher",124,1,1,1,0.0171,725476,"rare (<0.1%)"
"Ruff",122,1.033,1,2,0.0168,725476,"rare (<0.1%)"
"Gull-billed Tern",119,1.008,1,2,0.0164,725476,"rare (<0.1%)"
"Australian Bustard",118,1.958,1,9,0.0163,725476,"rare (<0.1%)"
"Dusky Myzomela",114,1.526,1,4,0.0157,725476,"rare (<0.1%)"
"Red-lored Whistler",112,1.58,1,4,0.0154,725476,"rare (<0.1%)"
"Red-backed Buttonquail",111,1.64,1,5,0.0153,725476,"rare (<0.1%)"
"Streaked Shearwater",109,1.89,1,20,0.015,725476,"rare (<0.1%)"
"Hall's Babbler",107,4.673,4,13,0.0147,725476,"rare (<0.1%)"
"Song Thrush",105,1.495,1,4,0.0145,725476,"rare (<0.1%)"
"Kentish Plover",102,1,1,1,0.0141,725476,"rare (<0.1%)"
"Red-chested Buttonquail",102,2.676,1,25,0.0141,725476,"rare (<0.1%)"
"Broad-billed Sandpiper",100,1.47,1,6,0.0138,725476,"rare (<0.1%)"
"Northern Giant-Petrel",98,1.398,1,5,0.0135,725476,"rare (<0.1%)"
"Paradise Shelduck",91,1,1,1,0.0125,725476,"rare (<0.1%)"
"Oriental Cuckoo",90,1.067,1,4,0.0124,725476,"rare (<0.1%)"
"Providence Petrel",87,631.184,3,10000,0.012,725476,"rare (<0.1%)"
"Striated Grasswren",84,1.976,2,5,0.0116,725476,"rare (<0.1%)"
"Shining Flycatcher",83,1.602,1,5,0.0114,725476,"rare (<0.1%)"
"Gibberbird",76,1.868,2,7,0.0105,725476,"rare (<0.1%)"
"Long-tailed Jaeger",76,3.211,1.5,40,0.0105,725476,"rare (<0.1%)"
"miner sp. (Manorina sp.)",76,3.184,2,30,0.0105,725476,"rare (<0.1%)"
"Alexandrine Parakeet",72,1.361,1,3,0.0099,725476,"rare (<0.1%)"
"Eurasian Tree Sparrow",69,2.565,2,12,0.0095,725476,"rare (<0.1%)"
"Cotton Pygmy-Goose",68,1.015,1,2,0.0094,725476,"rare (<0.1%)"
"Buller's Albatross",66,1.606,1,8,0.0091,725476,"rare (<0.1%)"
"White-rumped Sandpiper",64,1,1,1,0.0088,725476,"rare (<0.1%)"
"Purple-crowned Lorikeet",63,5.508,3,32,0.0087,725476,"rare (<0.1%)"
"Brown Booby",62,1.032,1,2,0.0085,725476,"rare (<0.1%)"
"Lesser Frigatebird",61,1.295,1,6,0.0084,725476,"rare (<0.1%)"
"Southern Giant-Petrel",58,1.138,1,3,0.008,725476,"rare (<0.1%)"
"Slaty-backed Thornbill",57,2.281,2,4,0.0079,725476,"rare (<0.1%)"
"Pink Robin",54,1.704,1.5,4,0.0074,725476,"rare (<0.1%)"
"Malleefowl",49,1.224,1,3,0.0068,725476,"rare (<0.1%)"
"Buller's Shearwater",45,2.022,1,15,0.0062,725476,"rare (<0.1%)"
"Banded Whiteface",36,3.083,2,8,0.005,725476,"rare (<0.1%)"
"Gray-headed Lapwing",35,1,1,1,0.0048,725476,"rare (<0.1%)"
"Long-toed Stint",34,1.176,1,4,0.0047,725476,"rare (<0.1%)"
"Eyrean Grasswren",30,2.067,2,5,0.0041,725476,"rare (<0.1%)"
"Little Shearwater",30,4.667,1.5,60,0.0041,725476,"rare (<0.1%)"
"Semipalmated Plover",29,1,1,1,0.004,725476,"rare (<0.1%)"
"Citrine Wagtail",28,1,1,1,0.0039,725476,"rare (<0.1%)"
"Gray Falcon",26,1.308,1,3,0.0036,725476,"rare (<0.1%)"
"Gray Grasswren",26,2.692,2,7,0.0036,725476,"rare (<0.1%)"
"Barn Swallow",25,1,1,1,0.0034,725476,"rare (<0.1%)"
"Little Stint",25,1,1,1,0.0034,725476,"rare (<0.1%)"
"Oriental Plover",21,5.143,6,10,0.0029,725476,"rare (<0.1%)"
"Red-necked Phalarope",18,1,1,1,0.0025,725476,"rare (<0.1%)"
"Letter-winged Kite",17,2.176,2,5,0.0023,725476,"rare (<0.1%)"
"White-necked Petrel",16,1.312,1,3,0.0022,725476,"rare (<0.1%)"
"Oriental Pratincole",15,1.067,1,2,0.0021,725476,"rare (<0.1%)"
"Torresian Imperial-Pigeon",15,1,1,1,0.0021,725476,"rare (<0.1%)"
"Wilson's Storm-Petrel",15,1.667,1,5,0.0021,725476,"rare (<0.1%)"
"Gould's Petrel",12,41.333,5.5,250,0.0017,725476,"rare (<0.1%)"
"White-chinned Petrel",12,1,1,1,0.0017,725476,"rare (<0.1%)"
"cuckoo sp. (Cuculidae sp.)",12,1.083,1,2,0.0017,725476,"rare (<0.1%)"
"Squatter Pigeon",11,1,1,1,0.0015,725476,"rare (<0.1%)"
"Antipodean Albatross",10,1,1,1,0.0014,725476,"rare (<0.1%)"
"Lesser Yellowlegs",10,1,1,1,0.0014,725476,"rare (<0.1%)"
"Common Diving-Petrel",9,3.333,1,11,0.0012,725476,"rare (<0.1%)"
"Papuan Eclectus",9,1,1,1,0.0012,725476,"rare (<0.1%)"
"Thick-billed Grasswren",9,2,2,3,0.0012,725476,"rare (<0.1%)"
"Arctic Tern",8,1.125,1,2,0.0011,725476,"rare (<0.1%)"
"Kermadec Petrel",8,1.25,1,2,0.0011,725476,"rare (<0.1%)"
"Great Frigatebird",7,1.286,1,2,0.001,725476,"rare (<0.1%)"
"Princess Parrot",7,1,1,1,0.001,725476,"rare (<0.1%)"
"Rosy-faced Lovebird",7,1.571,1,3,0.001,725476,"rare (<0.1%)"
"White-faced Storm-Petrel",7,6.571,2,30,0.001,725476,"rare (<0.1%)"
"African Collared-Dove",6,1,1,1,8e-04,725476,"rare (<0.1%)"
"Blue-and-yellow Macaw",6,3.333,2.5,6,8e-04,725476,"rare (<0.1%)"
"Roseate Tern",6,1.167,1,2,8e-04,725476,"rare (<0.1%)"
"Mandarin Duck",5,1,1,1,7e-04,725476,"rare (<0.1%)"
"Northern Shoveler",5,1,1,1,7e-04,725476,"rare (<0.1%)"
"White-bellied Storm-Petrel",5,4.2,1,13,7e-04,725476,"rare (<0.1%)"
"Red-and-green Macaw",4,1.5,1.5,2,6e-04,725476,"rare (<0.1%)"
"Snowy Albatross",4,1,1,1,6e-04,725476,"rare (<0.1%)"
"White-headed Petrel",4,1.25,1,2,6e-04,725476,"rare (<0.1%)"
"Canada Goose",3,3.333,4,4,4e-04,725476,"rare (<0.1%)"
"Cape Barren Goose",3,2.667,2,4,4e-04,725476,"rare (<0.1%)"
"Common Redshank",3,1,1,1,4e-04,725476,"rare (<0.1%)"
"Great Bowerbird",3,1,1,1,4e-04,725476,"rare (<0.1%)"
"Little Ringed Plover",3,1,1,1,4e-04,725476,"rare (<0.1%)"
"Painted Firetail",3,2,2,2,4e-04,725476,"rare (<0.1%)"
"Pied Heron",3,1,1,1,4e-04,725476,"rare (<0.1%)"
"Red-footed Booby",3,1,1,1,4e-04,725476,"rare (<0.1%)"
"White-tailed Tropicbird",3,1,1,1,4e-04,725476,"rare (<0.1%)"
"American Golden-Plover",2,1,1,1,3e-04,725476,"rare (<0.1%)"
"Bulwer's Petrel",2,1,1,1,3e-04,725476,"rare (<0.1%)"
"Gouldian Finch",2,1,1,1,3e-04,725476,"rare (<0.1%)"
"Mute Swan",2,1,1,1,3e-04,725476,"rare (<0.1%)"
"Northern Pintail",2,1,1,1,3e-04,725476,"rare (<0.1%)"
"Pintado Petrel",2,1.5,1.5,2,3e-04,725476,"rare (<0.1%)"
"Southern Fulmar",2,1,1,1,3e-04,725476,"rare (<0.1%)"
"White Wagtail",2,1,1,1,3e-04,725476,"rare (<0.1%)"
"Black-fronted Tern",1,1,1,1,1e-04,725476,"rare (<0.1%)"
"Black-headed Parrot",1,1,1,1,1e-04,725476,"rare (<0.1%)"
"Bridled Tern",1,1,1,1,1e-04,725476,"rare (<0.1%)"
"California Quail",1,1,1,1,1e-04,725476,"rare (<0.1%)"
"Garganey",1,1,1,1,1e-04,725476,"rare (<0.1%)"
"Golden Pheasant",1,1,1,1,1e-04,725476,"rare (<0.1%)"
"Gray Parrot",1,1,1,1,1e-04,725476,"rare (<0.1%)"
"Green Sandpiper",1,1,1,1,1e-04,725476,"rare (<0.1%)"
"House Crow",1,1,1,1,1e-04,725476,"rare (<0.1%)"
"Monk Parakeet",1,1,1,1,1e-04,725476,"rare (<0.1%)"
"Redpoll",1,1,1,1,1e-04,725476,"rare (<0.1%)"
"Ruddy Shelduck",1,3,3,3,1e-04,725476,"rare (<0.1%)"
"Scarlet-chested Parrot",1,3,3,3,1e-04,725476,"rare (<0.1%)"
"Westland Petrel",1,1,1,1,1e-04,725476,"rare (<0.1%)"
"Wild Turkey",1,1,1,1,1e-04,725476,"rare (<0.1%)"
"Yellow Canary",1,1,1,1,1e-04,725476,"rare (<0.1%)"
"Yellow Chat",1,2,2,2,1e-04,725476,"rare (<0.1%)"
"Yellow-collared Lovebird",1,1,1,1,1e-04,725476,"rare (<0.1%)"
