"common_name","ebird_sci","epithet","exact_in_botw","botw_candidates"
"Aleutian Tern","Onychoprion aleuticus","aleuticus","Onychoprion aleuticus","Ptychoramphus aleuticus"
"Australasian Grass-Owl","Tyto longimembris","longimembris","Tyto longimembris",""
"Australian Bustard","Ardeotis australis","australis","Ardeotis australis","Acrocephalus australis | Apteryx australis | Aythya australis | Ceuthmochares australis | Dicaeum australe | Eopsaltria australis | Eremopterix australis | Gallirallus australis | Hyliota australis | Lamprotornis australis | Leucosticte australis | Mergus australis | Oxyura australis | Peltohyas australis | Petroica australis | Phalcoboenus australis | Psilopogon australis | Rostratula australis | Tchagra australis | Treron australis | Vini australis"
"Australian Fairy Tern","Sternula nereis","nereis","Sternula nereis","Garrodia nereis"
"Australian Masked-Owl","Tyto novaehollandiae","novaehollandiae","Tyto novaehollandiae","Accipiter novaehollandiae | Anhinga novaehollandiae | Cereopsis novaehollandiae | Coracina novaehollandiae | Dromaius novaehollandiae | Egretta novaehollandiae | Larus novaehollandiae | Menura novaehollandiae | Phylidonyris novaehollandiae | Recurvirostra novaehollandiae | Scythrops novaehollandiae | Tachybaptus novaehollandiae | Vanellus novaehollandiae"
"Australian Pratincole","Glareola isabella","isabella",NA,"Stiltia isabella"
"Banded Stilt","Cladorhynchus leucocephalus","leucocephalus","Cladorhynchus leucocephalus","Acridotheres leucocephalus | Amazona leucocephala | Arundinicola leucocephala | Cinclus leucocephalus | Colius leucocephalus | Halcyon leucocephala | Haliaeetus leucocephalus | Hypsipetes leucocephalus | Lybius leucocephalus | Mycteria leucocephala | Oxyura leucocephala | Patagioenas leucocephala | Phoenicurus leucocephalus | Rhabdotorrhinus leucocephalus | Tachyeres leucocephalus | Turdoides leucocephala"
"Black Bittern","Botaurus flavicollis","flavicollis",NA,"Atimastillas flavicollis | Hemithraupis flavicollis | Ixobrychus flavicollis | Macronyx flavicollis | Mixornis flavicollis | Nesoptilotis flavicollis | Yuhina flavicollis"
"Black-backed Bittern","Botaurus dubius","dubius",NA,"Carpodacus dubius | Charadrius dubius | Ixobrychus dubius | Leptoptilos dubius | Oenanthe dubia | Pogonornis dubius | Schoeniparus dubius"
"Black-browed Albatross","Thalassarche melanophris","melanophris","Thalassarche melanophris",""
"Brown Noddy","Anous stolidus","stolidus","Anous stolidus","Myiarchus stolidus"
"Cinnamon Quail-thrush","Cinclosoma cinnamomeum","cinnamomeum","Cinclosoma cinnamomeum","Macropygia cinnamomea | Neopipo cinnamomea | Sporophila cinnamomea | Synallaxis cinnamomea | Terpsiphone cinnamomea"
"Cotton Pygmy-Goose","Nettapus coromandelianus","coromandelianus","Nettapus coromandelianus",""
"Eastern Barn Owl","Tyto javanica","javanica",NA,"Acridotheres javanicus | Arborophila javanica | Charadrius javanicus | Dendrocygna javanica | Eurylaimus javanicus | Heleia javanica | Hirundo javanica | Leptoptilos javanicus | Mirafra javanica | Rhipidura javanica | Zanclostomus javanicus"
"Fluttering Shearwater","Puffinus gavia","gavia","Puffinus gavia",""
"Gray Goshawk","Tachyspiza novaehollandiae","novaehollandiae",NA,"Accipiter novaehollandiae | Anhinga novaehollandiae | Cereopsis novaehollandiae | Coracina novaehollandiae | Dromaius novaehollandiae | Egretta novaehollandiae | Larus novaehollandiae | Menura novaehollandiae | Phylidonyris novaehollandiae | Recurvirostra novaehollandiae | Scythrops novaehollandiae | Tachybaptus novaehollandiae | Tyto novaehollandiae | Vanellus novaehollandiae"
"Gray-fronted Honeyeater","Ptilotula plumula","plumula","Ptilotula plumula",""
"Greater Sand-Plover","Anarhynchus leschenaultii","leschenaultii",NA,"Charadrius leschenaultii | Taccocua leschenaultii"
"Ground Parrot","Pezoporus wallicus","wallicus","Pezoporus wallicus",""
"Hooded Plover","Thinornis cucullatus","cucullatus","Thinornis cucullatus","Andigena cucullata | Carpornis cucullata | Ceblepyris cucullatus | Cecropis cucullata | Coryphospingus cucullatus | Crypsirina cucullata | Cyanolyca cucullata | Grallaricula cucullata | Icterus cucullatus | Lophodytes cucullatus | Melanodryas cucullata | Phyllergates cucullatus | Ploceus cucullatus | Raphus cucullatus | Spermestes cucullata | Spinus cucullatus | Tangara cucullata"
"Little Heron","Butorides atricapilla","atricapilla",NA,"Arremon atricapillus | Donacobius atricapilla | Estrilda atricapilla | Herpsilochmus atricapillus | Heteronetta atricapilla | Lonchura atricapilla | Megascops atricapilla | Myiornis atricapillus | Philydor atricapillus | Poecile atricapillus | Sylvia atricapilla | Vireo atricapilla | Zonotrichia atricapilla | Zosterops atricapilla"
"Marbled Frogmouth","Podargus ocellatus","ocellatus","Podargus ocellatus","Cyrtonyx ocellatus | Ianthocincla ocellata | Leipoa ocellata | Meleagris ocellata | Nyctiphrynus ocellatus | Rheinardia ocellata | Strix ocellata | Turnix ocellatus | Xiphorhynchus ocellatus"
"Muscovy Duck","Cairina moschata","moschata","Cairina moschata",""
"Pale-yellow Robin","Eopsaltria capito","capito",NA,"Tregellasia capito"
"Paradise Riflebird","Ptiloris paradiseus","paradiseus",NA,"Anthropoides paradiseus | Dicrurus paradiseus | Lophorina paradisea"
"Parasitic Jaeger","Stercorarius parasiticus","parasiticus","Stercorarius parasiticus",""
"Plum-headed Finch","Emblema modestum","modestum",NA,"Arachnothera modesta | Asthenes modesta | Galerida modesta | Gerygone modesta | Neochmia modesta | Pachycephala modesta | Progne modesta | Psittacella modesta | Turacoena modesta"
"Pomarine Jaeger","Stercorarius pomarinus","pomarinus","Stercorarius pomarinus","Clanga pomarina"
"Purple-crowned Lorikeet","Psitteuteles porphyrocephalus","porphyrocephalus",NA,"Glossopsitta porphyrocephala | Iridosornis porphyrocephalus"
"Radjah Shelduck","Radjah radjah","radjah","Radjah radjah",""
"Red Junglefowl","Gallus gallus","gallus","Gallus gallus",""
"Red-backed Buttonquail","Turnix maculosus","maculosus","Turnix maculosus","Campethera maculosa | Lalage maculosa | Nothura maculosa | Nyctibius maculosus | Patagioenas maculosa | Prinia maculosa | Setopagis maculosa"
"Red-chested Buttonquail","Turnix pyrrhothorax","pyrrhothorax","Turnix pyrrhothorax",""
"Redthroat","Pyrrholaemus brunneus","brunneus","Pyrrholaemus brunneus","Bradypterus brunneus | Larvivora brunnea | Melaenornis brunneus | Nonnula brunnea | Pycnonotus brunneus | Schoeniparus brunneus | Suthora brunnea | Zosterops brunneus"
"Regent Honeyeater","Anthochaera phrygia","phrygia","Anthochaera phrygia",""
"Rufous Fieldwren","Calamanthus campestris","campestris","Calamanthus campestris","Anthus campestris | Colaptes campestris | Euneornis campestris | Uropelia campestris"
"Siberian Sand-Plover","Anarhynchus mongolus","mongolus",NA,"Charadrius mongolus"
"Torresian Kingfisher","Todiramphus sordidus","sordidus",NA,"Elaenia sordida | Eumyias sordidus | Hemicircus sordidus | Micromacronus sordidus | Phaeoptila sordida | Pinarochroa sordida | Pionus sordidus | Pitta sordida | Thlypopsis sordida"
"Wandering Tattler","Tringa incana","incana","Tringa incana","Drymocichla incana | Incana incana | Lichmera incana"
"White-capped Albatross","Thalassarche cauta","cauta","Thalassarche cauta","Hylacola cauta"
"White-fronted Tern","Sterna striata","striata","Sterna striata","Accipiter striatus | Alcurus striatus | Amytornis striatus | Aplonis striata | Argya striata | Butorides striata | Colius striatus | Coracina striata | Dicrurus striatus | Geopelia striata | Graminicola striatus | Grammatoptila striata | Hypocnemis striata | Kenopia striata | Leptasthenura striata | Lewinia striata | Lonchura striata | Malacoptila striata | Melanerpes striatus | Muscicapa striata | Pardalotus striatus | Schoenicola striatus | Setophaga striata | Syndactyla striata | Zosterornis striatus"
"White-throated Nightjar","Eurostopodus mystacalis","mystacalis","Eurostopodus mystacalis","Aethopyga mystacalis | Cyanocorax mystacalis | Diglossa mystacalis | Malacoptila mystacalis | Peucaea mystacalis | Pheugopedius mystacalis | Rhabdornis mystacalis"
"White-winged Tern","Chlidonias leucopterus","leucopterus","Chlidonias leucopterus","Alauda leucoptera | Atlapetes leucopterus | Crithagra leucoptera | Dendrocopos leucopterus | Fulica leucoptera | Henicorhina leucoptera | Lalage leucoptera | Loxia leucoptera | Malurus leucopterus | Nyctibius leucopterus | Piranga leucoptera | Platysmurus leucopterus | Prosobonia leucoptera | Psophia leucoptera | Pterodroma leucoptera | Pyriglena leucoptera | Sporophila leucoptera"
"Wood Sandpiper","Tringa glareola","glareola","Tringa glareola",""
